year,month,day,hour,location,gender,Res1,Res2
2017,12,17,1,Ames PD,M,0.046,0.046
2017,12,14,3,ISU PD,F,0.12100000000000001,0.12000000000000001
2017,12,10,5,ISU PD,F,0.068,0.067
2017,12,10,3,ISU PD,F,0.07700000000000001,0.07700000000000001
2017,12,9,2,ISU PD,M,0.085,0.084
2017,12,9,1,Ames PD,M,0.16,0.161
2017,12,7,3,Ames PD,M,0.131,0.131
2017,12,4,1,ISU PD,M,0,0
2017,12,3,1,Ames PD,M,0.091,0.09
2017,12,3,0,Ames PD,M,0.095,0.095
2017,12,2,1,Ames PD,M,0.15500000000000003,0.15500000000000003
2017,11,29,3,ISU PD,F,0.171,0.171
2017,11,21,3,ISU PD,F,0.05,0.051000000000000004
2017,11,17,18,ISU PD,M,0.17600000000000002,0.17600000000000002
2017,11,11,3,Ames PD,M,0.07200000000000001,0.07200000000000001
2017,11,11,2,ISU PD,M,0.094,0.093
2017,11,11,2,ISU PD,F,0.10600000000000001,0.10600000000000001
2017,11,10,3,ISU PD,M,0.14500000000000002,0.14400000000000002
2017,11,9,2,Ames PD,F,0.14800000000000002,0.14800000000000002
2017,11,8,3,ISU PD,F,0.11,0.11
2017,11,6,19,Ames PD,F,0,0
2017,11,5,2,ISU PD,M,0.15500000000000003,0.15500000000000003
2017,11,5,0,Ames PD,M,0.114,0.113
2017,11,4,3,Ames PD,M,0.10700000000000001,0.10700000000000001
2017,11,3,3,ISU PD,M,0,0
2017,11,2,2,Ames PD,M,0,0
2017,10,29,5,Ames PD,F,0.164,0.164
2017,10,29,4,ISU PD,M,0.101,0.101
2017,10,29,4,Ames PD,M,0.116,0.116
2017,10,29,3,ISU PD,F,0.1,0.09899999999999999
2017,10,28,19,Ames PD,M,0.119,0.12000000000000001
2017,10,28,3,ISU PD,M,0.164,0.163
2017,10,28,2,Ames PD,M,0.10300000000000001,0.10300000000000001
2017,10,28,2,Ames PD,F,0,0
2017,10,28,2,ISU PD,M,0.134,0.134
2017,10,27,21,Ames PD,M,0.025,0.025
2017,10,26,3,Ames PD,M,0.136,0.136
2017,10,24,18,Ames PD,M,0.10700000000000001,0.10600000000000001
2017,10,24,15,Ames PD,M,0,0
2017,10,22,4,ISU PD,F,0.15600000000000003,0.15500000000000003
2017,10,22,2,ISU PD,M,0.14,0.139
2017,10,21,2,ISU PD,M,0,0
2017,10,21,2,ISU PD,M,0.17700000000000002,0.17700000000000002
2017,10,20,5,ISU PD,NA,0.053000000000000005,0.053000000000000005
2017,10,20,2,ISU PD,F,0.136,0.135
2017,10,17,4,ISU PD,M,0.003,0.003
2017,10,16,1,ISU PD,M,0,0
2017,10,15,3,Ames PD,M,0.14400000000000002,0.14300000000000002
2017,10,15,2,Ames PD,M,0.138,0.137
2017,10,13,3,ISU PD,M,0.138,0.138
2017,10,12,12,Ames PD,M,0.169,0.168
2017,10,12,2,ISU PD,F,0.093,0.092
2017,10,12,1,Ames PD,M,0.17500000000000002,0.17500000000000002
2017,10,11,2,ISU PD,M,0.07400000000000001,0.07200000000000001
2017,10,10,22,Ames PD,M,0.111,0.111
2017,10,8,10,Ames PD,M,0.041,0.04
2017,10,8,2,ISU PD,M,0.16,0.15900000000000003
2017,10,7,21,Ames PD,M,0.15200000000000002,0.15200000000000002
2017,10,7,2,Ames PD,M,0.119,0.12000000000000001
2017,10,7,1,Ames PD,NA,0.199,0.198
2017,10,6,2,Ames PD,F,0.07800000000000001,0.07700000000000001
2017,10,1,7,ISU PD,M,0.168,0.167
2017,9,30,5,ISU PD,M,0.101,0.1
2017,9,30,3,ISU PD,F,0.14100000000000001,0.14100000000000001
2017,9,29,0,ISU PD,F,0.14400000000000002,0.14500000000000002
2017,9,22,2,ISU PD,F,0.181,0.181
2017,9,22,1,Ames PD,M,0.098,0.097
2017,9,21,3,ISU PD,M,0.109,0.10800000000000001
2017,9,17,2,ISU PD,M,0.184,0.183
2017,9,16,3,Ames PD,M,0.15400000000000003,0.15300000000000002
2017,9,16,2,ISU PD,M,0.14700000000000002,0.14600000000000002
2017,9,10,3,Ames PD,M,0.18,0.17900000000000002
2017,9,10,2,Ames PD,M,0.036,0.036
2017,9,10,1,ISU PD,M,0.092,0.091
2017,9,9,17,ISU PD,M,0.184,0.183
2017,9,6,3,ISU PD,M,0.10700000000000001,0.10600000000000001
2017,9,4,3,Ames PD,F,0.136,0.136
2017,9,3,2,Ames PD,M,0.14400000000000002,0.14400000000000002
2017,9,2,21,ISU PD,M,0.20900000000000002,0.20900000000000002
2017,9,2,20,ISU PD,M,0.167,0.168
2017,9,2,3,ISU PD,M,0.118,0.117
2017,9,2,1,Ames PD,M,0.234,0.233
2017,9,1,20,Ames PD,M,0.306,0.306
2017,9,1,3,ISU PD,M,0.126,0.125
2017,8,27,3,Ames PD,M,0.224,0.223
2017,8,27,3,ISU PD,M,0,0
2017,8,25,1,ISU PD,F,0.14600000000000002,0.14600000000000002
2017,8,24,3,ISU PD,F,0.133,0.132
2017,8,24,2,Ames PD,M,0.131,0.13
2017,8,24,2,ISU PD,F,0.191,0.19
2017,8,20,3,Ames PD,M,0.14600000000000002,0.14400000000000002
2017,8,19,13,ISU PD,F,0.032,0.031
2017,8,18,0,ISU PD,M,0.088,0.088
2017,8,17,4,ISU PD,M,0.187,0.185
2017,8,17,3,ISU PD,M,0.135,0.134
2017,8,17,2,Ames PD,M,0.17500000000000002,0.17500000000000002
2017,8,13,2,ISU PD,M,0.15400000000000003,0.15300000000000002
2017,8,13,2,ISU PD,M,0.14,0.139
2017,8,12,23,ISU PD,F,0.081,0.08
2017,8,12,4,Ames PD,M,0.127,0.127
2017,8,12,3,ISU PD,M,0.129,0.128
2017,8,12,2,ISU PD,F,0.17800000000000002,0.17800000000000002
2017,8,12,0,Ames PD,M,0.23,0.23
2017,8,11,22,Ames PD,F,0.169,0.169
2017,8,10,1,ISU PD,M,0.202,0.202
2017,8,8,23,Ames PD,F,0.258,0.257
2017,8,6,4,ISU PD,F,0.10700000000000001,0.10700000000000001
2017,8,6,2,Ames PD,M,0,0
2017,8,6,1,ISU PD,M,0,0
2017,8,4,3,ISU PD,M,0.093,0.092
2017,8,2,3,ISU PD,M,0.10200000000000001,0.10200000000000001
2017,7,25,1,Ames PD,F,0,0
2017,7,23,3,ISU PD,M,0.12000000000000001,0.119
2017,7,18,0,Ames PD,M,0,0
2017,7,15,2,ISU PD,M,0.061,0.06
2017,7,13,3,ISU PD,M,0.15000000000000002,0.14900000000000002
2017,7,12,23,Ames PD,M,0.052000000000000005,0.052000000000000005
2017,7,6,4,Ames PD,M,0.137,0.136
2017,7,4,3,ISU PD,M,0.092,0.091
2017,7,1,0,Ames PD,M,0.16,0.15900000000000003
2017,6,25,3,ISU PD,M,0.088,0.08700000000000001
2017,6,25,3,ISU PD,M,0.093,0.094
2017,6,24,18,Ames PD,M,0.138,0.137
2017,6,24,3,ISU PD,M,0.273,0.272
2017,6,18,2,Ames PD,M,0.06899999999999999,0.068
2017,6,13,0,Ames PD,M,0.049,0.049
2017,6,11,2,Ames PD,M,0.161,0.161
2017,6,11,0,Ames PD,M,0.193,0.192
2017,6,9,0,Ames PD,M,0,0
2017,6,6,1,ISU PD,M,0.047,0.047
2017,6,4,3,Ames PD,M,0.161,0.161
2017,5,30,19,Ames PD,F,0.267,0.266
2017,5,28,18,Ames PD,M,0.189,0.189
2017,5,28,4,ISU PD,F,0.14300000000000002,0.14200000000000002
2017,5,28,1,ISU PD,M,0.117,0.117
2017,5,25,20,Ames PD,M,0.20800000000000002,0.20600000000000002
2017,5,22,9,Ames PD,M,0.29500000000000004,0.29500000000000004
2017,5,21,4,ISU PD,M,0.135,0.135
2017,5,21,2,ISU PD,F,0.084,0.083
2017,5,20,4,ISU PD,M,0.14200000000000002,0.14100000000000001
2017,5,19,2,ISU PD,M,0.129,0.129
2017,5,17,16,Ames PD,F,0.17600000000000002,0.17700000000000002
2017,5,14,3,Ames PD,F,0.181,0.18
2017,5,13,19,ISU PD,M,0.192,0.192
2017,5,13,2,ISU PD,M,0.101,0.101
2017,5,12,2,ISU PD,F,0.082,0.081
2017,5,12,1,Ames PD,M,0.127,0.126
2017,5,11,2,ISU PD,F,0.07800000000000001,0.079
2017,5,10,3,ISU PD,M,0.065,0.064
2017,5,5,7,Ames PD,M,0.199,0.198
2017,5,3,15,Ames PD,M,0,0
2017,5,2,20,Ames PD,M,0.15800000000000003,0.15700000000000003
2017,4,30,4,ISU PD,M,0.10200000000000001,0.101
2017,4,29,3,ISU PD,F,0.15800000000000003,0.15600000000000003
2017,4,29,3,ISU PD,M,0.111,0.11
2017,4,29,3,Ames PD,M,0.091,0.09
2017,4,23,3,Ames PD,M,0.15800000000000003,0.15700000000000003
2017,4,23,2,ISU PD,NA,0.20400000000000001,0.203
2017,4,22,19,Ames PD,M,0.07300000000000001,0.07300000000000001
2017,4,22,2,ISU PD,M,0.12200000000000001,0.12200000000000001
2017,4,22,2,ISU PD,F,0.088,0.088
2017,4,21,2,ISU PD,M,0.133,0.132
2017,4,20,3,Ames PD,M,0.14800000000000002,0.14700000000000002
2017,4,20,2,Ames PD,M,0.125,0.12400000000000001
2017,4,15,4,ISU PD,M,0.198,0.197
2017,4,15,3,Ames PD,M,0.21400000000000002,0.21400000000000002
2017,4,13,10,Ames PD,M,0,0
2017,4,13,2,ISU PD,M,0.07100000000000001,0.07200000000000001
2017,4,13,2,ISU PD,F,0.101,0.1
2017,4,12,22,ISU PD,M,0,0
2017,4,12,21,Ames PD,F,0.17200000000000001,0.171
2017,4,12,11,Ames PD,NA,0,0
2017,4,12,9,ISU PD,NA,0,0
2017,4,12,1,Ames PD,F,0.096,0.095
2017,4,9,23,Ames PD,M,0.161,0.161
2017,4,9,2,Ames PD,M,0.14100000000000001,0.14
2017,4,9,1,ISU PD,M,0.028,0.028
2017,4,7,19,Ames PD,M,0.17300000000000001,0.17300000000000001
2017,4,7,2,Ames PD,F,0.18,0.17900000000000002
2017,4,7,1,Ames PD,M,0.193,0.192
2017,4,6,1,ISU PD,M,0.07,0.07
2017,4,5,21,Ames PD,M,0.07600000000000001,0.07600000000000001
2017,4,5,3,ISU PD,M,0.115,0.114
2017,4,2,2,ISU PD,M,0.059000000000000004,0.059000000000000004
2017,3,31,4,ISU PD,M,0,0
2017,3,31,3,ISU PD,M,0.092,0.092
2017,3,30,15,Ames PD,M,0,0
2017,3,30,15,Ames PD,M,0,0
2017,3,30,15,Ames PD,M,0,0
2017,3,30,2,ISU PD,M,0.12400000000000001,0.12400000000000001
2017,3,26,2,Ames PD,F,0.15700000000000003,0.15800000000000003
2017,3,26,2,ISU PD,M,0.088,0.088
2017,3,25,21,Ames PD,M,0.019,0.019
2017,3,25,2,Ames PD,M,0.046,0.046
2017,3,25,1,Ames PD,M,0.128,0.126
2017,3,24,3,ISU PD,M,0.07600000000000001,0.07500000000000001
2017,3,19,2,ISU PD,M,0.07600000000000001,0.07500000000000001
2017,3,18,3,Ames PD,M,0.10700000000000001,0.10600000000000001
2017,3,18,0,Ames PD,M,0.193,0.192
2017,3,18,0,Ames PD,M,0.14700000000000002,0.14700000000000002
2017,3,15,9,Ames PD,M,0.226,0.224
2017,3,11,3,ISU PD,M,0.14800000000000002,0.14600000000000002
2017,3,11,0,Ames PD,M,0.131,0.13
2017,3,9,1,Ames PD,M,0,0
2017,3,8,2,Ames PD,M,0.17800000000000002,0.17800000000000002
2017,3,6,2,ISU PD,M,0.109,0.10800000000000001
2017,3,4,4,ISU PD,F,0.07500000000000001,0.07400000000000001
2017,3,3,4,ISU PD,F,0.194,0.194
2017,3,3,3,Ames PD,M,0.136,0.135
2017,2,25,4,ISU PD,M,0.17900000000000002,0.17800000000000002
2017,2,25,3,ISU PD,F,0.115,0.114
2017,2,22,4,Ames PD,M,0.21900000000000003,0.21800000000000003
2017,2,22,4,ISU PD,M,0,0
2017,2,19,3,ISU PD,F,0.10600000000000001,0.10600000000000001
2017,2,19,1,ISU PD,F,0.10300000000000001,0.10300000000000001
2017,2,18,13,Ames PD,M,0,0
2017,2,18,3,ISU PD,M,0.14,0.14
2017,2,18,2,ISU PD,F,0.118,0.118
2017,2,17,3,Ames PD,F,0.15700000000000003,0.15700000000000003
2017,2,17,2,ISU PD,M,0.07700000000000001,0.07600000000000001
2017,2,16,1,ISU PD,M,0.15900000000000003,0.15800000000000003
2017,2,14,2,Ames PD,F,0.021,0.022
2017,2,12,2,Ames PD,F,0.17600000000000002,0.17500000000000002
2017,2,12,1,Ames PD,M,0.045,0.045
2017,2,11,1,ISU PD,M,0.095,0.095
2017,2,10,3,ISU PD,M,0.126,0.126
2017,2,6,23,Ames PD,M,0.059000000000000004,0.06
2017,2,5,2,ISU PD,F,0.112,0.112
2017,2,2,2,ISU PD,M,0.21400000000000002,0.21300000000000002
2017,1,28,23,Ames PD,M,0,0
2017,1,27,2,ISU PD,M,0.109,0.10700000000000001
2017,1,26,6,Ames PD,M,0,0
2017,1,26,5,Ames PD,M,0,0
2017,1,26,5,Ames PD,M,0,0
2017,1,25,15,Ames PD,M,0,0
2017,1,24,3,ISU PD,M,0,0
2017,1,23,19,Ames PD,M,0.138,0.137
2017,1,23,6,Ames PD,M,0,0
2017,1,23,2,Ames PD,M,0.112,0.111
2017,1,21,21,Ames PD,M,0.163,0.163
2017,1,21,2,ISU PD,M,0.165,0.164
2017,1,19,23,ISU PD,M,0,0
2017,1,19,5,ISU PD,M,0.095,0.095
2017,1,19,3,ISU PD,F,0.162,0.161
2017,1,17,3,Ames PD,NA,0.127,0.126
2017,1,16,3,ISU PD,M,0.171,0.171
2017,1,15,2,Ames PD,M,0.185,0.184
2017,1,15,2,Ames PD,M,0.15600000000000003,0.15600000000000003
2017,1,14,23,ISU PD,F,0.07700000000000001,0.07700000000000001
2017,1,14,2,ISU PD,M,0.137,0.136
2017,1,13,23,ISU PD,F,0.183,0.182
2017,1,13,3,ISU PD,M,0.14300000000000002,0.14200000000000002
2017,1,13,2,Ames PD,M,0.17500000000000002,0.17400000000000002
2017,1,11,4,ISU PD,M,0,0
2017,1,9,1,ISU PD,M,0,0
2017,1,8,3,ISU PD,M,0.094,0.093
2017,1,7,22,Ames PD,M,0,0
2017,1,4,20,Ames PD,M,0.192,0.192
2017,1,3,2,Ames PD,M,0,0
2017,1,2,2,Ames PD,M,0.054000000000000006,0.053000000000000005
2016,12,30,21,Ames PD,M,0.10800000000000001,0.10700000000000001
2016,12,26,3,ISU PD,M,0.185,0.184
2016,12,20,1,ISU PD,M,0.003,0.005
2016,12,17,4,Ames PD,M,0.092,0.091
2016,12,16,2,ISU PD,M,0.129,0.129
2016,12,8,22,Ames PD,M,0.15700000000000003,0.15700000000000003
2016,12,8,18,Ames PD,F,0.1,0.1
2016,12,7,2,Ames PD,M,0.21800000000000003,0.21700000000000003
2016,12,3,19,Ames PD,M,0.21500000000000002,0.21500000000000002
2016,12,3,17,Ames PD,F,0,0
2016,12,3,3,ISU PD,F,0.089,0.088
2016,12,3,2,ISU PD,M,0.163,0.163
2016,12,1,4,ISU PD,F,0.167,0.166
2016,12,1,0,Ames PD,F,0.15400000000000003,0.15300000000000002
2016,11,27,5,Ames PD,M,0.13,0.13
2016,11,27,4,ISU PD,M,0.118,0.118
2016,11,25,7,Ames PD,F,0.065,0.065
2016,11,20,2,ISU PD,M,0.07800000000000001,0.07800000000000001
2016,11,18,3,Ames PD,M,0.097,0.097
2016,11,16,3,Ames PD,NA,0.16,0.15900000000000003
2016,11,14,1,Ames PD,NA,0.17,0.17
2016,11,13,4,ISU PD,M,0.049,0.049
2016,11,12,3,Ames PD,F,0.166,0.165
2016,11,12,3,ISU PD,F,0.07800000000000001,0.07700000000000001
2016,11,12,2,ISU PD,F,0.034,0.034
2016,11,7,19,ISU PD,M,0.24900000000000003,0.24800000000000003
2016,11,6,11,Ames PD,M,0.127,0.127
2016,11,6,2,ISU PD,F,0.162,0.161
2016,11,6,1,Ames PD,M,0.011,0.011
2016,11,5,2,ISU PD,M,0.136,0.136
2016,11,4,1,Ames PD,M,0.182,0.181
2016,11,2,2,ISU PD,M,0,0
2016,10,30,5,Ames PD,M,0.198,0.198
2016,10,30,2,Ames PD,M,0.098,0.097
2016,10,30,2,ISU PD,M,0,0
2016,10,30,1,Ames PD,M,0.098,0.098
2016,10,29,3,ISU PD,M,0.14800000000000002,0.14800000000000002
2016,10,28,22,Ames PD,M,0,0
2016,10,28,3,ISU PD,F,0.094,0.093
2016,10,28,3,ISU PD,M,0.12300000000000001,0.12300000000000001
2016,10,28,2,Ames PD,M,0.092,0.092
2016,10,25,2,ISU PD,M,0,0
2016,10,23,4,Ames PD,M,0.081,0.08
2016,10,23,3,Ames PD,M,0.125,0.12400000000000001
2016,10,17,15,Ames PD,F,0.24700000000000003,0.24700000000000003
2016,10,16,2,ISU PD,M,0.134,0.134
2016,10,15,18,Ames PD,F,0.228,0.228
2016,10,14,3,Ames PD,M,0.135,0.134
2016,10,9,3,ISU PD,F,0.14300000000000002,0.14200000000000002
2016,10,8,0,Ames PD,M,0.052000000000000005,0.051000000000000004
2016,10,2,4,Ames PD,M,0.117,0.117
2016,10,2,1,Ames PD,M,0,0
2016,9,30,2,ISU PD,M,0.169,0.169
2016,9,30,1,ISU PD,M,0,0
2016,9,27,20,Ames PD,M,0.258,0.257
2016,9,25,4,Ames PD,M,0.128,0.127
2016,9,25,3,ISU PD,F,0.168,0.167
2016,9,24,4,Ames PD,M,0.127,0.127
2016,9,24,3,Ames PD,F,0.21100000000000002,0.21100000000000002
2016,9,24,3,ISU PD,M,0.14100000000000001,0.14
2016,9,24,2,ISU PD,M,0.117,0.117
2016,9,24,2,ISU PD,F,0.168,0.167
2016,9,24,1,ISU PD,F,0.15600000000000003,0.15500000000000003
2016,9,18,4,Ames PD,M,0.047,0.047
2016,9,18,3,ISU PD,M,0.15300000000000002,0.15300000000000002
2016,9,17,3,ISU PD,M,0.132,0.13
2016,9,16,21,Ames PD,F,0.25,0.24800000000000003
2016,9,16,4,Ames PD,M,0.21000000000000002,0.20900000000000002
2016,9,12,2,ISU PD,M,0.089,0.088
2016,9,12,2,ISU PD,M,0.17700000000000002,0.17600000000000002
2016,9,11,3,ISU PD,M,0.131,0.131
2016,9,11,2,Ames PD,M,0.23500000000000001,0.234
2016,9,10,4,ISU PD,M,0.23500000000000001,0.234
2016,9,10,1,Ames PD,M,0.21600000000000003,0.21500000000000002
2016,9,8,5,ISU PD,M,0.16,0.15900000000000003
2016,9,6,3,Ames PD,M,0.20900000000000002,0.20900000000000002
2016,9,5,23,ISU PD,M,0.15300000000000002,0.15200000000000002
2016,9,4,3,ISU PD,M,0.133,0.133
2016,9,4,3,ISU PD,M,0.07800000000000001,0.07800000000000001
2016,9,3,3,ISU PD,M,0.046,0.045
2016,9,3,3,Ames PD,M,0.164,0.164
2016,9,3,1,ISU PD,F,0.056,0.056
2016,9,2,20,Ames PD,M,0,0
2016,9,2,3,Ames PD,M,0.109,0.109
2016,9,2,1,Ames PD,F,0.07,0.07
2016,8,28,20,ISU PD,M,0.019,0.019
2016,8,28,12,Ames PD,M,0.17,0.169
2016,8,28,2,Ames PD,M,0.191,0.19
2016,8,28,1,ISU PD,M,0,0
2016,8,28,1,Ames PD,M,0.14700000000000002,0.14600000000000002
2016,8,27,23,Ames PD,F,0.044,0.043000000000000003
2016,8,27,5,ISU PD,M,0.08600000000000001,0.08600000000000001
2016,8,27,3,Ames PD,M,0.15900000000000003,0.15900000000000003
2016,8,26,2,Ames PD,F,0.161,0.16
2016,8,24,2,Ames PD,M,0.191,0.19
2016,8,24,1,Ames PD,F,0.18,0.17900000000000002
2016,8,21,6,ISU PD,M,0.109,0.109
2016,8,21,2,Ames PD,F,0.15100000000000002,0.15100000000000002
2016,8,20,3,ISU PD,F,0.199,0.198
2016,8,20,3,ISU PD,F,0.088,0.08700000000000001
2016,8,19,3,ISU PD,M,0.036,0.034999999999999996
2016,8,17,18,Ames PD,M,0,0
2016,8,17,1,ISU PD,M,0.027,0.027
2016,8,13,3,ISU PD,NA,0.08600000000000001,0.085
2016,8,12,5,Ames PD,M,0.17400000000000002,0.17400000000000002
2016,8,11,5,Ames PD,M,0,0
2016,8,10,5,Ames PD,M,0,0
2016,8,10,3,ISU PD,M,0.12200000000000001,0.12300000000000001
2016,8,9,4,ISU PD,M,0,0
2016,8,6,3,ISU PD,F,0.042,0.042
2016,8,6,3,Ames PD,F,0.14300000000000002,0.14300000000000002
2016,8,6,0,ISU PD,M,0.037,0.037
2016,8,5,2,ISU PD,M,0.14400000000000002,0.14400000000000002
2016,8,4,2,ISU PD,M,0.119,0.119
2016,8,4,0,Ames PD,F,0.21100000000000002,0.21100000000000002
2016,8,3,2,ISU PD,M,0.195,0.193
2016,8,3,0,Ames PD,M,0.056,0.055
2016,7,31,1,ISU PD,F,0.161,0.16
2016,7,29,3,ISU PD,M,0.09899999999999999,0.09899999999999999
2016,7,29,2,ISU PD,M,0.10500000000000001,0.10400000000000001
2016,7,29,2,ISU PD,F,0.129,0.129
2016,7,28,1,ISU PD,M,0.049,0.049
2016,7,26,0,ISU PD,M,0,0
2016,7,23,1,Ames PD,F,0.223,0.222
2016,7,20,3,ISU PD,M,0.191,0.19
2016,7,19,5,ISU PD,M,0.15900000000000003,0.15900000000000003
2016,7,13,0,ISU PD,F,0.14600000000000002,0.14400000000000002
2016,7,12,3,ISU PD,M,0.048,0.047
2016,7,10,3,ISU PD,F,0.1,0.09899999999999999
2016,7,8,2,ISU PD,M,0.115,0.115
2016,7,7,1,ISU PD,M,0.132,0.132
2016,7,4,3,ISU PD,M,0,0
2016,7,3,2,ISU PD,M,0.10300000000000001,0.10400000000000001
2016,7,2,2,Ames PD,F,0,0
2016,7,1,0,Ames PD,M,0.192,0.192
2016,6,30,2,Ames PD,M,0.186,0.185
2016,6,29,16,Ames PD,NA,0,0
2016,6,26,4,ISU PD,M,0.125,0.12400000000000001
2016,6,26,0,ISU PD,F,0.161,0.16
2016,6,25,10,Ames PD,M,0,0
2016,6,25,2,ISU PD,M,0.17400000000000002,0.17400000000000002
2016,6,24,2,Ames PD,F,0.112,0.112
2016,6,23,2,ISU PD,M,0.128,0.128
2016,6,22,9,Ames PD,M,0,0
2016,6,21,4,Ames PD,M,0.16,0.15900000000000003
2016,6,21,1,ISU PD,M,0.118,0.118
2016,6,20,23,Ames PD,F,0.167,0.166
2016,6,19,3,ISU PD,M,0.12400000000000001,0.12400000000000001
2016,6,19,2,ISU PD,M,0.15200000000000002,0.15200000000000002
2016,6,19,1,Ames PD,M,0.201,0.2
2016,6,17,23,Ames PD,F,0,0
2016,6,15,4,Ames PD,M,0.118,0.117
2016,6,11,1,ISU PD,F,0,0
2016,6,11,0,Ames PD,M,0.09,0.089
2016,6,10,20,Ames PD,F,0.231,0.23
2016,6,9,20,Ames PD,F,0.259,0.258
2016,6,9,2,Ames PD,NA,0.07300000000000001,0.07300000000000001
2016,6,4,2,Ames PD,M,0.15300000000000002,0.15100000000000002
2016,6,4,2,Ames PD,M,0.091,0.091
2016,6,4,1,ISU PD,M,0.07800000000000001,0.07800000000000001
2016,6,3,22,Ames PD,F,0.18,0.17900000000000002
2016,6,3,1,Ames PD,M,0.037,0.036
2016,6,2,2,ISU PD,F,0.10200000000000001,0.10200000000000001
2016,6,1,2,Ames PD,M,0.14200000000000002,0.14100000000000001
2016,5,30,20,Ames PD,F,0,0
2016,5,29,3,Ames PD,F,0.181,0.18
2016,5,29,1,ISU PD,M,0.07400000000000001,0.07400000000000001
2016,5,28,5,ISU PD,F,0.10400000000000001,0.10400000000000001
2016,5,28,3,Ames PD,F,0.10800000000000001,0.10800000000000001
2016,5,25,18,Ames PD,M,0.169,0.169
2016,5,25,3,Ames PD,M,0,0
2016,5,25,2,Ames PD,M,0.098,0.098
2016,5,24,23,ISU PD,M,0.10700000000000001,0.10800000000000001
2016,5,22,2,ISU PD,M,0.07200000000000001,0.07100000000000001
2016,5,21,3,ISU PD,M,0.07300000000000001,0.07200000000000001
2016,5,21,2,Ames PD,M,0.188,0.187
2016,5,21,1,Ames PD,M,0.111,0.111
2016,5,15,2,Ames PD,M,0.15400000000000003,0.15400000000000003
2016,5,12,2,Ames PD,M,0.07500000000000001,0.07400000000000001
2016,5,8,3,ISU PD,M,0.14500000000000002,0.14500000000000002
2016,5,7,3,ISU PD,M,0.063,0.061
2016,5,7,2,ISU PD,F,0.17600000000000002,0.17500000000000002
2016,5,7,1,Ames PD,M,0,0
2016,5,6,20,Ames PD,M,0.135,0.134
2016,5,6,3,Ames PD,M,0.031,0.03
2016,5,2,14,Ames PD,M,0,0
2016,5,2,12,Ames PD,NA,0,0
2016,5,2,10,ISU PD,NA,0,0
2016,4,30,2,ISU PD,M,0.169,0.169
2016,4,29,1,Ames PD,M,0,0
2016,4,27,2,Ames PD,M,0.034,0.033
2016,4,26,17,Ames PD,F,0.303,0.302
2016,4,24,2,ISU PD,M,0.022,0.023
2016,4,21,0,Ames PD,M,0,0
2016,4,19,19,Ames PD,M,0,0
2016,4,18,1,Ames PD,M,0.083,0.083
2016,4,17,3,ISU PD,M,0.098,0.098
2016,4,17,2,Ames PD,M,0.232,0.231
2016,4,16,23,Ames PD,F,0.135,0.136
2016,4,16,23,Ames PD,F,0.14200000000000002,0.14200000000000002
2016,4,16,2,ISU PD,F,0.20800000000000002,0.20900000000000002
2016,4,16,1,ISU PD,M,0.13,0.13
2016,4,13,1,ISU PD,M,0.183,0.182
2016,4,12,3,ISU PD,F,0.197,0.197
2016,4,10,3,ISU PD,F,0.196,0.196
2016,4,9,12,Ames PD,M,0,0
2016,4,9,2,Ames PD,M,0.186,0.185
2016,4,4,0,Ames PD,F,0,0
2016,4,3,2,ISU PD,F,0.15300000000000002,0.15200000000000002
2016,3,29,19,Ames PD,M,0,0
2016,3,28,3,Ames PD,M,0.139,0.139
2016,3,27,3,Ames PD,M,0.10500000000000001,0.10500000000000001
2016,3,26,2,ISU PD,M,0.126,0.126
2016,3,25,21,Ames PD,M,0.2,0.2
2016,3,25,16,Ames PD,F,0.17800000000000002,0.17700000000000002
2016,3,23,3,Ames PD,M,0.12100000000000001,0.12100000000000001
2016,3,23,2,ISU PD,F,0.164,0.164
2016,3,21,2,ISU PD,M,0.109,0.109
2016,3,20,2,Ames PD,M,0,0
2016,3,20,2,Ames PD,M,0.167,0.166
2016,3,19,4,Ames PD,M,0.167,0.166
2016,3,19,3,Ames PD,M,0.14100000000000001,0.14
2016,3,18,2,Ames PD,F,0.225,0.224
2016,3,17,3,Ames PD,M,0.12400000000000001,0.12400000000000001
2016,3,14,1,Ames PD,M,0.224,0.224
2016,3,11,2,Ames PD,F,0.14400000000000002,0.14400000000000002
2016,3,11,2,Ames PD,F,0.188,0.188
2016,3,6,20,Ames PD,M,0.117,0.116
2016,3,6,3,Ames PD,F,0.15800000000000003,0.15700000000000003
2016,3,6,1,Ames PD,M,0.15400000000000003,0.15400000000000003
2016,3,5,22,ISU PD,M,0.07,0.07
2016,3,4,2,ISU PD,M,0,0
2016,3,4,2,ISU PD,M,0.097,0.097
2016,2,27,3,Ames PD,M,0.15600000000000003,0.15400000000000003
2016,2,27,3,ISU PD,F,0.07100000000000001,0.07100000000000001
2016,2,26,21,Ames PD,M,0.23500000000000001,0.234
2016,2,26,8,Ames PD,F,0.127,0.126
2016,2,26,2,ISU PD,F,0.183,0.183
2016,2,24,21,Ames PD,F,0.164,0.164
2016,2,21,3,ISU PD,F,0.117,0.116
2016,2,20,2,ISU PD,M,0.12300000000000001,0.12200000000000001
2016,2,16,2,Ames PD,F,0.187,0.187
2016,2,14,15,Ames PD,M,0.195,0.195
2016,2,13,3,ISU PD,F,0.182,0.181
2016,2,13,2,Ames PD,M,0.06899999999999999,0.06899999999999999
2016,2,7,0,ISU PD,M,0.17200000000000001,0.17200000000000001
2016,2,6,2,ISU PD,M,0.165,0.164
2016,2,5,2,ISU PD,M,0.10500000000000001,0.10300000000000001
2016,2,1,2,ISU PD,M,0.08700000000000001,0.08700000000000001
2016,1,30,3,Ames PD,M,0.15300000000000002,0.15200000000000002
2016,1,28,4,ISU PD,M,0.10200000000000001,0.10200000000000001
2016,1,24,3,Ames PD,M,0.14400000000000002,0.14400000000000002
2016,1,23,2,ISU PD,M,0.062,0.062
2016,1,22,2,ISU PD,M,0.20600000000000002,0.20600000000000002
2016,1,19,4,Ames PD,M,0.064,0.064
2016,1,17,5,ISU PD,M,0.085,0.084
2016,1,17,2,ISU PD,F,0.15700000000000003,0.15700000000000003
2016,1,16,0,Ames PD,M,0.06,0.06
2016,1,15,3,ISU PD,F,0.08700000000000001,0.085
2016,1,15,2,ISU PD,M,0.094,0.095
2016,1,14,2,ISU PD,F,0.14400000000000002,0.14300000000000002
2016,1,11,1,Ames PD,M,0.233,0.232
2016,1,10,2,Ames PD,M,0.116,0.116
2016,1,9,1,ISU PD,M,0.131,0.13
2016,1,8,2,Ames PD,F,0.16,0.15900000000000003
2016,1,7,2,ISU PD,F,0,0
2016,1,7,1,Ames PD,M,0.139,0.138
2016,1,5,17,Ames PD,M,0.15300000000000002,0.15300000000000002
2016,1,1,1,ISU PD,F,0.047,0.047
2015,12,31,1,Ames PD,M,0.114,0.115
2015,12,30,10,Ames PD,F,0.309,0.308
2015,12,30,3,Ames PD,M,0.20400000000000001,0.203
2015,12,29,23,Ames PD,M,0.15800000000000003,0.15800000000000003
2015,12,22,19,Ames PD,M,0.15000000000000002,0.15000000000000002
2015,12,21,18,Ames PD,M,0.15400000000000003,0.15400000000000003
2015,12,21,2,Ames PD,M,0.166,0.165
2015,12,17,1,ISU PD,M,0.115,0.114
2015,12,13,2,Ames PD,M,0.14300000000000002,0.14400000000000002
2015,12,9,3,Ames PD,M,0.199,0.199
2015,12,7,6,Ames PD,M,0.111,0.11
2015,12,6,4,ISU PD,M,0.135,0.136
2015,12,5,19,Ames PD,M,0.20600000000000002,0.20600000000000002
2015,12,5,12,Ames PD,M,0.24600000000000002,0.24600000000000002
2015,12,1,8,ISU PD,M,0.10600000000000001,0.10600000000000001
2015,11,30,0,Ames PD,M,0.226,0.225
2015,11,29,2,Ames PD,M,0.16,0.16
2015,11,26,2,Ames PD,F,0.15200000000000002,0.15100000000000002
2015,11,25,2,Ames PD,M,0,0
2015,11,22,2,ISU PD,M,0,0
2015,11,22,0,ISU PD,M,0.10500000000000001,0.10500000000000001
2015,11,21,3,ISU PD,M,0.115,0.116
2015,11,21,1,Ames PD,F,0.132,0.132
2015,11,20,3,ISU PD,M,0.064,0.064
2015,11,20,3,ISU PD,M,0.165,0.165
2015,11,15,22,Ames PD,M,0.17800000000000002,0.17800000000000002
2015,11,15,2,ISU PD,M,0.116,0.116
2015,11,15,2,ISU PD,M,0.112,0.111
2015,11,14,2,Ames PD,F,0.129,0.129
2015,11,13,3,ISU PD,M,0.201,0.201
2015,11,13,2,ISU PD,M,0.093,0.093
2015,11,8,4,Ames PD,M,0.14700000000000002,0.14700000000000002
2015,11,8,2,ISU PD,M,0.004,0.005
2015,11,8,0,Ames PD,M,0.169,0.169
2015,11,1,2,Ames PD,M,0.08600000000000001,0.08700000000000001
2015,11,1,2,ISU PD,M,0.12400000000000001,0.12300000000000001
2015,11,1,1,ISU PD,M,0.125,0.125
2015,11,1,1,ISU PD,M,0.079,0.079
2015,10,30,3,ISU PD,M,0.127,0.127
2015,10,30,0,Ames PD,M,0.14200000000000002,0.14200000000000002
2015,10,29,1,Ames PD,M,0.039,0.04
2015,10,25,4,ISU PD,F,0.14500000000000002,0.14400000000000002
2015,10,22,2,ISU PD,M,0,0
2015,10,21,17,Ames PD,F,0,0
2015,10,18,5,Ames PD,M,0.095,0.095
2015,10,18,4,Ames PD,F,0.14700000000000002,0.14700000000000002
2015,10,18,2,Ames PD,M,0.167,0.167
2015,10,17,2,Ames PD,M,0.10500000000000001,0.10500000000000001
2015,10,16,3,ISU PD,M,0.14400000000000002,0.14400000000000002
2015,10,9,18,Ames PD,M,0.095,0.095
2015,10,9,3,ISU PD,M,0.12400000000000001,0.125
2015,10,9,2,ISU PD,M,0.10700000000000001,0.10700000000000001
2015,10,7,3,ISU PD,F,0.19,0.19
2015,10,4,2,ISU PD,M,0.07200000000000001,0.07200000000000001
2015,10,4,1,Ames PD,M,0.10400000000000001,0.10300000000000001
2015,10,3,16,Ames PD,M,0.139,0.139
2015,10,3,2,Ames PD,M,0.109,0.109
2015,10,2,3,Ames PD,M,0.166,0.165
2015,9,28,1,Ames PD,M,0.12400000000000001,0.12400000000000001
2015,9,28,0,Ames PD,F,0.222,0.221
2015,9,26,22,Ames PD,M,0.051000000000000004,0.051000000000000004
2015,9,26,4,Ames PD,M,0.113,0.113
2015,9,26,3,Ames PD,F,0.068,0.067
2015,9,26,2,ISU PD,M,0.027,0.026000000000000002
2015,9,25,23,Ames PD,M,0.14,0.139
2015,9,24,13,Ames PD,M,0,0
2015,9,24,5,Ames PD,M,0.15400000000000003,0.15200000000000002
2015,9,24,3,Ames PD,M,0.17600000000000002,0.17600000000000002
2015,9,24,0,Ames PD,M,0,0
2015,9,22,19,Ames PD,M,0.126,0.125
2015,9,21,2,ISU PD,M,0.256,0.255
2015,9,20,3,Ames PD,M,0.15400000000000003,0.15400000000000003
2015,9,19,5,Ames PD,NA,0,0
2015,9,19,1,Ames PD,M,0.14800000000000002,0.14800000000000002
2015,9,18,3,ISU PD,M,0.24400000000000002,0.24300000000000002
2015,9,17,1,Ames PD,M,0.18,0.18
2015,9,16,13,Ames PD,M,0,0
2015,9,16,13,Ames PD,M,0,0
2015,9,12,22,Ames PD,F,0.136,0.135
2015,9,12,22,Ames PD,M,0.161,0.161
2015,9,12,5,ISU PD,M,0.05,0.049
2015,9,12,3,ISU PD,F,0.21600000000000003,0.21600000000000003
2015,9,10,2,Ames PD,F,0.14200000000000002,0.14100000000000001
2015,9,10,0,Ames PD,F,0.138,0.138
2015,9,9,2,Ames PD,F,0.111,0.111
2015,9,9,1,Ames PD,F,0.119,0.118
2015,9,6,3,ISU PD,M,0.251,0.25
2015,9,6,2,ISU PD,M,0.067,0.067
2015,8,26,2,ISU PD,F,0.15700000000000003,0.15600000000000003
2015,8,23,4,Ames PD,M,0.079,0.079
2015,8,23,3,ISU PD,M,0.15600000000000003,0.15600000000000003
2015,8,23,3,ISU PD,M,0.07200000000000001,0.07200000000000001
2015,8,23,2,ISU PD,M,0.129,0.128
2015,8,23,0,ISU PD,F,0.046,0.045
2015,8,22,2,ISU PD,M,0.07500000000000001,0.07600000000000001
2015,8,22,0,Ames PD,M,0,0
2015,8,21,16,Ames PD,F,0,0
2015,8,21,0,Ames PD,M,0,0
2015,8,20,1,ISU PD,M,0.167,0.167
2015,8,17,3,ISU PD,M,0,0
2015,8,16,2,ISU PD,M,0.088,0.08700000000000001
2015,8,16,2,Ames PD,M,0.184,0.183
2015,8,16,1,Ames PD,F,0.138,0.138
2015,8,16,1,Ames PD,M,0.17200000000000001,0.17200000000000001
2015,8,16,0,Ames PD,M,0,0
2015,8,15,2,ISU PD,M,0.08,0.079
2015,8,14,23,Ames PD,F,0.10500000000000001,0.10400000000000001
2015,8,14,2,ISU PD,M,0.183,0.182
2015,8,14,1,Ames PD,F,0.138,0.138
2015,8,13,22,Ames PD,M,0.137,0.136
2015,8,13,0,ISU PD,M,0.234,0.233
2015,8,6,21,Ames PD,M,0.17500000000000002,0.17400000000000002
2015,8,2,3,ISU PD,F,0.136,0.135
2015,8,2,1,ISU PD,F,0.15400000000000003,0.15300000000000002
2015,8,1,5,Ames PD,M,0,0
2015,7,30,3,ISU PD,F,0.185,0.185
2015,7,25,17,Ames PD,F,0.182,0.182
2015,7,25,3,ISU PD,M,0.131,0.13
2015,7,25,2,Ames PD,M,0.091,0.092
2015,7,24,1,ISU PD,M,0.043000000000000003,0.043000000000000003
2015,7,21,2,Ames PD,M,0.133,0.132
2015,7,19,3,Ames PD,M,0.132,0.132
2015,7,16,2,ISU PD,M,0.101,0.1
2015,7,15,3,Ames PD,M,0.109,0.109
2015,7,12,4,ISU PD,M,0.12400000000000001,0.12300000000000001
2015,7,12,3,ISU PD,M,0.129,0.129
2015,7,11,3,ISU PD,F,0.10400000000000001,0.10300000000000001
2015,7,10,21,Ames PD,M,0.14300000000000002,0.14300000000000002
2015,7,10,1,ISU PD,M,0,0
2015,7,9,1,ISU PD,M,0,0
2015,7,5,2,ISU PD,M,0.14900000000000002,0.14900000000000002
2015,7,4,23,ISU PD,M,0.15200000000000002,0.15300000000000002
2015,7,4,23,ISU PD,M,0.227,0.225
2015,7,2,4,Ames PD,M,0.15400000000000003,0.15400000000000003
2015,6,29,0,Ames PD,M,0,0
2015,6,28,3,ISU PD,M,0.17,0.169
2015,6,28,1,Ames PD,M,0.112,0.112
2015,6,27,1,Ames PD,M,0.089,0.088
2015,6,24,9,Ames PD,M,0,0
2015,6,23,15,Ames PD,M,0,0
2015,6,22,1,Ames PD,F,0,0
2015,6,19,2,Ames PD,F,0.112,0.112
2015,6,15,2,Ames PD,M,0,0
2015,6,6,2,ISU PD,M,0.081,0.08
2015,6,6,2,Ames PD,M,0.166,0.166
2015,6,6,1,Ames PD,M,0,0
2015,6,5,3,ISU PD,M,0,0
2015,6,5,2,Ames PD,M,0.098,0.098
2015,6,3,16,Ames PD,M,0,0
2015,6,3,16,Ames PD,M,0,0
2015,6,3,0,Ames PD,M,0,0
2015,5,31,4,ISU PD,M,0.11,0.109
2015,5,30,8,Ames PD,M,0.04,0.04
2015,5,30,4,Ames PD,NA,0.1,0.09899999999999999
2015,5,30,2,ISU PD,F,0.10500000000000001,0.10500000000000001
2015,5,25,20,ISU PD,M,0.14700000000000002,0.14600000000000002
2015,5,23,11,ISU PD,NA,0,0
2015,5,23,10,ISU PD,NA,0,0
2015,5,23,3,Ames PD,M,0.11,0.109
2015,5,22,4,ISU PD,M,0.034999999999999996,0.034
2015,5,21,3,ISU PD,F,0.182,0.181
2015,5,20,3,ISU PD,M,0,0
2015,5,19,0,Ames PD,M,0.14,0.139
2015,5,17,3,ISU PD,M,0.10200000000000001,0.10200000000000001
2015,5,16,2,ISU PD,M,0.12200000000000001,0.12000000000000001
2015,5,15,2,Ames PD,F,0.084,0.083
2015,5,14,1,Ames PD,M,0.1,0.1
2015,5,12,17,Ames PD,F,0.011,0.011
2015,5,12,3,Ames PD,M,0.15700000000000003,0.15600000000000003
2015,5,10,20,Ames PD,M,0.21700000000000003,0.21600000000000003
2015,5,9,11,Ames PD,M,0.183,0.183
2015,5,9,10,Ames PD,M,0.114,0.113
2015,5,8,0,Ames PD,F,0,0
2015,5,7,0,Ames PD,F,0,0
2015,5,6,5,ISU PD,M,0.168,0.167
2015,5,6,3,Ames PD,F,0.20400000000000001,0.20400000000000001
2015,5,5,12,Ames PD,NA,0,0
2015,5,5,10,ISU PD,NA,0,0
2015,5,3,3,ISU PD,M,0.17500000000000002,0.17400000000000002
2015,5,3,1,Ames PD,F,0.259,0.259
2015,5,1,3,Ames PD,M,0,0
2015,5,1,2,ISU PD,M,0,0
2015,4,30,2,ISU PD,M,0.037,0.037
2015,4,30,2,Ames PD,M,0.21500000000000002,0.21500000000000002
2015,4,26,4,Ames PD,M,0.126,0.126
2015,4,26,4,ISU PD,M,0.192,0.192
2015,4,26,3,Ames PD,M,0.24100000000000002,0.24000000000000002
2015,4,26,2,ISU PD,F,0.10500000000000001,0.10400000000000001
2015,4,26,1,Ames PD,M,0,0
2015,4,25,3,ISU PD,F,0.20700000000000002,0.20700000000000002
2015,4,24,3,Ames PD,M,0.169,0.169
2015,4,24,3,ISU PD,F,0.10300000000000001,0.10300000000000001
2015,4,24,2,Ames PD,M,0.12200000000000001,0.12200000000000001
2015,4,24,1,ISU PD,F,0.08600000000000001,0.085
2015,4,21,2,ISU PD,M,0,0
2015,4,19,4,Ames PD,F,0.14900000000000002,0.14800000000000002
2015,4,18,22,Ames PD,NA,0.126,0.126
2015,4,18,3,ISU PD,M,0.137,0.137
2015,4,18,2,ISU PD,M,0.196,0.196
2015,4,18,1,ISU PD,M,0.096,0.095
2015,4,17,2,Ames PD,M,0.14900000000000002,0.14900000000000002
2015,4,16,3,ISU PD,M,0.118,0.118
2015,4,16,1,ISU PD,M,0.07300000000000001,0.07300000000000001
2015,4,12,3,ISU PD,M,0.14400000000000002,0.14400000000000002
2015,4,11,3,ISU PD,F,0.14100000000000001,0.14
2015,4,11,0,ISU PD,M,0.116,0.116
2015,4,10,2,ISU PD,M,0.1,0.09899999999999999
2015,4,9,3,ISU PD,M,0.117,0.117
2015,4,9,2,Ames PD,M,0.21200000000000002,0.21100000000000002
2015,4,8,2,ISU PD,M,0.20500000000000002,0.20400000000000001
2015,4,3,1,ISU PD,M,0.14200000000000002,0.14100000000000001
2015,4,3,0,Ames PD,F,0.138,0.138
2015,3,30,2,Ames PD,M,0.254,0.253
2015,3,27,2,Ames PD,M,0.14,0.14
2015,3,27,2,Ames PD,M,0.139,0.137
2015,3,26,5,Ames PD,M,0.17,0.169
2015,3,26,1,Ames PD,M,0.17300000000000001,0.17200000000000001
2015,3,25,1,Ames PD,F,0.112,0.112
2015,3,24,23,ISU PD,M,0.098,0.097
2015,3,21,18,Ames PD,M,0.14900000000000002,0.14900000000000002
2015,3,18,2,ISU PD,M,0.138,0.137
2015,3,15,1,Ames PD,M,0.08600000000000001,0.08600000000000001
2015,3,14,20,Ames PD,M,0.013000000000000001,0.011
2015,3,14,3,Ames PD,F,0.161,0.16
2015,3,14,2,ISU PD,F,0.16,0.15900000000000003
2015,3,13,22,Ames PD,M,0.226,0.224
2015,3,13,2,Ames PD,M,0.187,0.186
2015,3,12,18,Ames PD,M,0,0
2015,3,11,2,Ames PD,M,0.013000000000000001,0.013000000000000001
2015,3,8,3,ISU PD,F,0.112,0.112
2015,3,8,3,Ames PD,M,0.15300000000000002,0.15200000000000002
2015,3,8,1,Ames PD,M,0.093,0.093
2015,3,7,3,ISU PD,M,0.098,0.097
2015,3,6,3,Ames PD,M,0.2,0.199
2015,3,6,2,ISU PD,F,0.17800000000000002,0.17700000000000002
2015,3,1,1,Ames PD,F,0.126,0.127
2015,3,1,1,ISU PD,M,0.08700000000000001,0.08700000000000001
2015,2,28,5,Ames PD,M,0.10400000000000001,0.10200000000000001
2015,2,28,4,ISU PD,F,0.11,0.109
2015,2,28,4,ISU PD,M,0.09,0.09
2015,2,28,2,ISU PD,M,0.12000000000000001,0.119
2015,2,27,20,Ames PD,M,0.17600000000000002,0.17500000000000002
2015,2,22,2,Ames PD,F,0.112,0.112
2015,2,21,4,ISU PD,M,0.18,0.17800000000000002
2015,2,19,4,ISU PD,M,0.11,0.109
2015,2,19,0,ISU PD,F,0.038,0.038
2015,2,18,1,Ames PD,F,0.201,0.201
2015,2,15,10,Ames PD,M,0.233,0.232
2015,2,14,3,Ames PD,M,0.13,0.129
2015,2,13,23,Ames PD,M,0.185,0.184
2015,2,11,2,Ames PD,M,0.12300000000000001,0.12300000000000001
2015,2,11,1,Ames PD,M,0,0
2015,2,10,3,ISU PD,M,0.132,0.131
2015,2,6,23,ISU PD,M,0.083,0.081
2015,1,31,3,ISU PD,M,0.15000000000000002,0.14900000000000002
2015,1,31,2,ISU PD,M,0,0
2015,1,30,3,ISU PD,M,0.047,0.046
2015,1,30,2,ISU PD,M,0.07200000000000001,0.07200000000000001
2015,1,28,23,Ames PD,M,0.12000000000000001,0.119
2015,1,25,3,ISU PD,M,0.132,0.131
2015,1,25,1,Ames PD,M,0.15300000000000002,0.15300000000000002
2015,1,24,0,Ames PD,F,0.053000000000000005,0.054000000000000006
2015,1,23,3,ISU PD,F,0.20500000000000002,0.203
2015,1,23,1,ISU PD,M,0.07200000000000001,0.07100000000000001
2015,1,22,2,Ames PD,M,0.10300000000000001,0.10200000000000001
2015,1,19,3,ISU PD,F,0.044,0.044
2015,1,19,1,Ames PD,M,0.14700000000000002,0.14700000000000002
2015,1,19,1,Ames PD,M,0.129,0.127
2015,1,17,4,ISU PD,F,0.182,0.181
2015,1,17,3,ISU PD,M,0.184,0.183
2015,1,16,3,ISU PD,M,0.12200000000000001,0.12200000000000001
2015,1,13,1,ISU PD,M,0,0
2015,1,12,17,ISU PD,M,0,0
2015,1,11,4,ISU PD,M,0.094,0.092
2015,1,11,3,Ames PD,M,0.10800000000000001,0.10800000000000001
2015,1,11,3,Ames PD,M,0.15500000000000003,0.15500000000000003
2015,1,10,16,Ames PD,F,0,0
2015,1,10,3,Ames PD,F,0.195,0.195
2015,1,9,2,ISU PD,M,0.127,0.126
2015,1,7,3,Ames PD,M,0.088,0.089
2015,1,5,20,Ames PD,M,0.313,0.312
2015,1,1,4,ISU PD,M,0.117,0.116
2015,1,1,3,ISU PD,M,0.12300000000000001,0.12200000000000001
2015,1,1,2,ISU PD,M,0.091,0.09
2015,1,1,1,ISU PD,M,0.07300000000000001,0.07300000000000001
2015,1,1,1,Ames PD,M,0.15000000000000002,0.15000000000000002
2014,12,28,3,ISU PD,M,0.037,0.037
2014,12,28,3,ISU PD,M,0.10500000000000001,0.10400000000000001
2014,12,28,2,Ames PD,F,0.161,0.161
2014,12,27,3,Ames PD,M,0.166,0.166
2014,12,27,1,ISU PD,M,0.017,0.016
2014,12,21,5,Ames PD,M,0.15500000000000003,0.15500000000000003
2014,12,20,3,ISU PD,F,0.114,0.113
2014,12,19,15,Ames PD,F,0.272,0.272
2014,12,18,1,Ames PD,M,0.277,0.276
2014,12,17,17,Ames PD,F,0,0
2014,12,17,3,Ames PD,F,0,0
2014,12,14,5,ISU PD,F,0.084,0.084
2014,12,14,3,ISU PD,F,0.047,0.047
2014,12,13,23,Ames PD,M,0.15700000000000003,0.15600000000000003
2014,12,13,17,Ames PD,F,0,0
2014,12,13,2,ISU PD,M,0.083,0.083
2014,12,13,1,Ames PD,M,0.111,0.111
2014,12,9,0,ISU PD,M,0,0
2014,12,7,3,ISU PD,M,0.07800000000000001,0.07700000000000001
2014,12,7,2,ISU PD,M,0.16,0.15900000000000003
2014,12,6,1,ISU PD,F,0.052000000000000005,0.052000000000000005
2014,12,6,1,ISU PD,M,0.14400000000000002,0.14300000000000002
2014,12,6,0,Ames PD,F,0.165,0.165
2014,12,5,2,Ames PD,M,0.16,0.15900000000000003
2014,12,5,0,Ames PD,F,0.15600000000000003,0.15500000000000003
2014,11,30,2,ISU PD,F,0.045,0.045
2014,11,29,1,Ames PD,F,0.14300000000000002,0.14200000000000002
2014,11,27,3,Ames PD,M,0.136,0.135
2014,11,26,3,ISU PD,M,0.14400000000000002,0.14300000000000002
2014,11,23,2,Ames PD,M,0.256,0.256
2014,11,22,19,Ames PD,M,0.08700000000000001,0.08600000000000001
2014,11,22,2,Ames PD,F,0.07500000000000001,0.07500000000000001
2014,11,21,1,ISU PD,F,0.101,0.1
2014,11,20,3,ISU PD,M,0,0
2014,11,20,2,Ames PD,M,0,0
2014,11,19,3,Ames PD,M,0.09,0.091
2014,11,14,2,ISU PD,F,0.118,0.116
2014,11,13,19,Ames PD,F,0.352,0.351
2014,11,13,15,Ames PD,F,0,0
2014,11,8,2,ISU PD,M,0.15600000000000003,0.15600000000000003
2014,11,7,20,Ames PD,M,0.221,0.21900000000000003
2014,11,2,18,Ames PD,M,0.192,0.191
2014,11,2,4,Ames PD,M,0.15700000000000003,0.15600000000000003
2014,11,1,2,Ames PD,M,0.17600000000000002,0.17400000000000002
2014,10,29,1,Ames PD,M,0.112,0.112
2014,10,27,23,ISU PD,M,0,0
2014,10,24,2,ISU PD,F,0.036,0.034999999999999996
2014,10,23,0,Ames PD,M,0.111,0.11
2014,10,22,1,ISU PD,M,0.113,0.112
2014,10,21,18,Ames PD,F,0.325,0.324
2014,10,21,2,ISU PD,M,0,0
2014,10,21,2,Ames PD,F,0,0
2014,10,19,3,Ames PD,M,0.07700000000000001,0.07700000000000001
2014,10,19,2,Ames PD,M,0.233,0.232
2014,10,18,4,Ames PD,M,0.07700000000000001,0.07700000000000001
2014,10,18,0,Ames PD,F,0.034,0.033
2014,10,17,12,Ames PD,M,0,0
2014,10,17,0,Ames PD,M,0.23900000000000002,0.23900000000000002
2014,10,16,2,Ames PD,M,0,0
2014,10,15,0,Ames PD,M,0,0
2014,10,14,2,ISU PD,M,0,0
2014,10,12,5,Ames PD,M,0,0
2014,10,12,1,Ames PD,M,0.10700000000000001,0.10600000000000001
2014,10,12,0,ISU PD,M,0.23600000000000002,0.23500000000000001
2014,10,11,2,ISU PD,M,0.15500000000000003,0.15500000000000003
2014,10,10,2,Ames PD,F,0.192,0.19
2014,10,8,17,Ames PD,F,0,0
2014,10,8,3,Ames PD,F,0,0
2014,10,6,1,Ames PD,M,0,0
2014,10,4,3,Ames PD,F,0.202,0.201
2014,10,3,3,ISU PD,F,0.125,0.125
2014,10,3,1,ISU PD,M,0.052000000000000005,0.052000000000000005
2014,10,2,3,Ames PD,M,0,0
2014,9,28,21,Ames PD,M,0.17400000000000002,0.17300000000000001
2014,9,27,2,ISU PD,F,0.188,0.187
2014,9,26,2,ISU PD,M,0.14500000000000002,0.14500000000000002
2014,9,26,2,Ames PD,M,0.131,0.13
2014,9,23,1,Ames PD,M,0.15200000000000002,0.15100000000000002
2014,9,21,22,Ames PD,F,0.004,0.004
2014,9,21,0,ISU PD,M,0.081,0.08
2014,9,20,2,Ames PD,M,0.116,0.116
2014,9,19,0,Ames PD,F,0.14100000000000001,0.14
2014,9,13,3,Ames PD,M,0.112,0.112
2014,9,13,2,ISU PD,M,0.12300000000000001,0.12300000000000001
2014,9,7,2,ISU PD,M,0.12300000000000001,0.12300000000000001
2014,9,6,17,Ames PD,M,0.201,0.199
2014,9,5,4,ISU PD,M,0.136,0.135
2014,9,4,2,Ames PD,M,0.134,0.134
2014,8,30,5,ISU PD,M,0.137,0.137
2014,8,30,3,ISU PD,M,0.10600000000000001,0.10500000000000001
2014,8,30,0,Ames PD,M,0.098,0.09899999999999999
2014,8,29,4,Ames PD,M,0.17900000000000002,0.17800000000000002
2014,8,29,3,Ames PD,F,0.129,0.129
2014,8,29,3,ISU PD,M,0.162,0.161
2014,8,28,2,ISU PD,F,0.14500000000000002,0.14500000000000002
2014,8,28,1,ISU PD,F,0,0
2014,8,25,11,Ames PD,M,0.126,0.125
2014,8,25,3,Ames PD,M,0.15300000000000002,0.15200000000000002
2014,8,24,3,Ames PD,M,0.125,0.125
2014,8,24,1,ISU PD,M,0.12100000000000001,0.12000000000000001
2014,8,24,1,ISU PD,M,0.094,0.094
2014,8,24,0,Ames PD,F,0,0
2014,8,23,1,ISU PD,F,0.164,0.163
2014,8,18,3,ISU PD,M,0.068,0.068
2014,8,18,3,ISU PD,M,0.082,0.082
2014,8,16,3,ISU PD,F,0.065,0.065
2014,8,16,2,Ames PD,F,0.132,0.131
2014,8,16,1,Ames PD,M,0.185,0.184
2014,8,15,1,ISU PD,M,0,0
2014,8,12,0,Ames PD,M,0.224,0.224
2014,8,10,3,ISU PD,F,0.08,0.08
2014,8,10,2,ISU PD,M,0.113,0.112
2014,8,10,1,Ames PD,M,0.15600000000000003,0.15400000000000003
2014,8,9,2,ISU PD,M,0.066,0.066
2014,8,8,3,Ames PD,M,0.15600000000000003,0.15500000000000003
2014,8,7,0,Ames PD,M,0.07700000000000001,0.07600000000000001
2014,8,3,1,Ames PD,M,0.131,0.13
2014,8,1,18,Ames PD,M,0,0
2014,8,1,4,ISU PD,F,0.119,0.119
2014,8,1,1,ISU PD,M,0.17200000000000001,0.17200000000000001
2014,7,27,4,Ames PD,M,0.1,0.09899999999999999
2014,7,27,3,ISU PD,M,0.17,0.169
2014,7,26,22,Ames PD,F,0.20600000000000002,0.20600000000000002
2014,7,25,2,ISU PD,M,0.15800000000000003,0.15700000000000003
2014,7,25,2,ISU PD,M,0.05,0.05
2014,7,21,3,Ames PD,M,0.07300000000000001,0.07300000000000001
2014,7,19,2,Ames PD,M,0.118,0.117
2014,7,18,3,ISU PD,M,0.165,0.164
2014,7,17,3,ISU PD,M,0.195,0.194
2014,7,15,5,Ames PD,M,0.276,0.276
2014,7,13,2,ISU PD,M,0.031,0.031
2014,7,10,2,Ames PD,F,0.111,0.111
2014,7,8,1,Ames PD,F,0,0
2014,7,6,1,Ames PD,F,0.15700000000000003,0.15600000000000003
2014,7,5,1,ISU PD,F,0.068,0.067
2014,7,3,3,ISU PD,M,0.18,0.17900000000000002
2014,6,28,7,ISU PD,M,0.17500000000000002,0.17500000000000002
2014,6,28,2,Ames PD,F,0.234,0.233
2014,6,26,3,Ames PD,M,0.17600000000000002,0.17500000000000002
2014,6,23,22,Ames PD,M,0,0
2014,6,22,3,Ames PD,F,0.10200000000000001,0.10200000000000001
2014,6,22,2,Ames PD,M,0.162,0.161
2014,6,21,5,ISU PD,M,0.113,0.114
2014,6,21,3,Ames PD,M,0.20900000000000002,0.20900000000000002
2014,6,21,2,ISU PD,M,0.163,0.162
2014,6,20,23,ISU PD,M,0.15500000000000003,0.15500000000000003
2014,6,20,3,ISU PD,M,0.167,0.166
2014,6,20,2,ISU PD,F,0.08600000000000001,0.08600000000000001
2014,6,19,23,ISU PD,F,0.21400000000000002,0.21300000000000002
2014,6,19,21,Ames PD,M,0.10800000000000001,0.10700000000000001
2014,6,18,3,ISU PD,M,0.17600000000000002,0.17500000000000002
2014,6,15,2,ISU PD,M,0.15300000000000002,0.15200000000000002
2014,6,14,1,Ames PD,M,0.12100000000000001,0.12000000000000001
2014,6,13,3,ISU PD,F,0.127,0.127
2014,6,12,2,ISU PD,M,0.188,0.187
2014,6,11,2,ISU PD,F,0.161,0.161
2014,6,9,4,Ames PD,M,0.228,0.227
2014,6,7,2,Ames PD,M,0.21500000000000002,0.21500000000000002
2014,6,6,3,ISU PD,F,0.10500000000000001,0.10400000000000001
2014,6,3,23,Ames PD,F,0.168,0.167
2014,6,2,1,Ames PD,F,0.169,0.168
2014,6,1,2,ISU PD,F,0.11,0.109
2014,5,31,3,ISU PD,M,0.163,0.162
2014,5,29,22,Ames PD,M,0.28900000000000003,0.28800000000000003
2014,5,28,4,Ames PD,M,0.17200000000000001,0.17200000000000001
2014,5,27,13,Ames PD,F,0.11,0.11
2014,5,27,2,ISU PD,M,0.07300000000000001,0.07200000000000001
2014,5,26,3,Ames PD,M,0.21800000000000003,0.21700000000000003
2014,5,25,3,ISU PD,M,0.133,0.133
2014,5,24,1,ISU PD,F,0,0
2014,5,21,22,Ames PD,M,0.129,0.128
2014,5,17,21,Ames PD,M,0.166,0.165
2014,5,14,12,Ames PD,NA,0,0
2014,5,14,10,ISU PD,NA,0,0
2014,5,13,22,Ames PD,F,0.10300000000000001,0.10300000000000001
2014,5,11,3,ISU PD,F,0.126,0.127
2014,5,10,4,Ames PD,M,0.182,0.181
2014,5,10,3,ISU PD,M,0.162,0.15900000000000003
2014,5,8,2,Ames PD,M,0.15800000000000003,0.15600000000000003
2014,5,6,21,ISU PD,M,0.17900000000000002,0.17800000000000002
2014,5,6,2,ISU PD,M,0.113,0.113
2014,5,5,10,Ames PD,M,0.111,0.11
2014,5,4,5,ISU PD,M,0.14900000000000002,0.14800000000000002
2014,5,3,2,ISU PD,F,0.15700000000000003,0.15700000000000003
2014,5,2,4,ISU PD,M,0.17200000000000001,0.17200000000000001
2014,5,2,1,ISU PD,M,0.192,0.192
2014,5,2,1,ISU PD,F,0.126,0.125
2014,5,1,2,ISU PD,M,0.186,0.185
2014,5,1,1,Ames PD,M,0.187,0.187
2014,5,1,0,Ames PD,M,0,0
2014,4,30,4,Ames PD,M,0.134,0.133
2014,4,30,3,ISU PD,M,0,0
2014,4,27,10,Ames PD,M,0.262,0.261
2014,4,27,4,ISU PD,F,0.1,0.09899999999999999
2014,4,27,2,ISU PD,M,0.116,0.116
2014,4,26,18,Ames PD,F,0.24700000000000003,0.24500000000000002
2014,4,26,4,ISU PD,M,0.089,0.088
2014,4,26,3,ISU PD,F,0.17,0.169
2014,4,26,2,ISU PD,F,0.08600000000000001,0.085
2014,4,26,1,Ames PD,F,0.193,0.192
2014,4,26,0,ISU PD,M,0.14700000000000002,0.14700000000000002
2014,4,25,2,ISU PD,M,0.10700000000000001,0.10700000000000001
2014,4,22,0,ISU PD,M,0.14,0.14
2014,4,21,0,Ames PD,M,0.097,0.096
2014,4,18,3,Ames PD,F,0.161,0.16
2014,4,18,2,ISU PD,M,0.027,0.026000000000000002
2014,4,18,1,Ames PD,M,0.12300000000000001,0.12300000000000001
2014,4,17,2,Ames PD,F,0.12300000000000001,0.12200000000000001
2014,4,13,4,ISU PD,M,0.10200000000000001,0.10200000000000001
2014,4,13,3,ISU PD,M,0.15600000000000003,0.15500000000000003
2014,4,13,3,ISU PD,M,0.251,0.252
2014,4,13,2,ISU PD,M,0.17,0.169
2014,4,13,1,ISU PD,M,0.17400000000000002,0.17400000000000002
2014,4,13,1,ISU PD,M,0.184,0.182
2014,4,13,0,ISU PD,M,0.15100000000000002,0.15000000000000002
2014,4,12,22,ISU PD,M,0.111,0.109
2014,4,12,2,ISU PD,F,0.23,0.229
2014,4,12,2,ISU PD,M,0.139,0.138
2014,4,12,2,ISU PD,M,0.161,0.16
2014,4,12,0,ISU PD,M,0.15300000000000002,0.15200000000000002
2014,4,12,0,ISU PD,M,0.14700000000000002,0.14900000000000002
2014,4,11,23,ISU PD,M,0.20900000000000002,0.20700000000000002
2014,4,11,21,ISU PD,M,0.096,0.096
2014,4,11,3,ISU PD,F,0.14600000000000002,0.14500000000000002
2014,4,11,1,ISU PD,M,0,0
2014,4,10,23,Ames PD,M,0.135,0.135
2014,4,10,2,ISU PD,M,0.12100000000000001,0.119
2014,4,10,1,Ames PD,M,0.10800000000000001,0.10700000000000001
2014,4,9,3,ISU PD,M,0.092,0.092
2014,4,8,3,ISU PD,M,0.171,0.17
2014,4,7,16,Ames PD,M,0.15600000000000003,0.15600000000000003
2014,4,7,16,Ames PD,M,0.161,0.16
2014,4,6,5,ISU PD,M,0.07400000000000001,0.07400000000000001
2014,4,6,0,Ames PD,M,0.191,0.191
2014,4,5,4,ISU PD,F,0.08600000000000001,0.085
2014,4,5,2,ISU PD,M,0.17900000000000002,0.17800000000000002
2014,4,4,3,ISU PD,F,0.132,0.132
2014,4,3,3,ISU PD,M,0,0
2014,3,31,2,ISU PD,M,0,0
2014,3,29,20,Ames PD,M,0.14900000000000002,0.14800000000000002
2014,3,29,2,ISU PD,M,0.11,0.109
2014,3,29,0,ISU PD,M,0,0
2014,3,25,2,ISU PD,F,0,0
2014,3,24,22,ISU PD,M,0,0
2014,3,24,3,ISU PD,M,0.21600000000000003,0.21500000000000002
2014,3,23,1,ISU PD,M,0.12200000000000001,0.12200000000000001
2014,3,22,2,ISU PD,M,0.21100000000000002,0.21000000000000002
2014,3,21,4,ISU PD,F,0.125,0.12400000000000001
2014,3,16,8,Ames PD,F,0.224,0.223
2014,3,16,2,ISU PD,F,0.15600000000000003,0.15600000000000003
2014,3,16,0,Ames PD,M,0.03,0.028999999999999998
2014,3,15,23,ISU PD,F,0.131,0.131
2014,3,15,4,ISU PD,M,0.112,0.111
2014,3,15,4,Ames PD,M,0.036,0.036
2014,3,15,3,Ames PD,M,0.185,0.185
2014,3,15,3,ISU PD,M,0.12200000000000001,0.12200000000000001
2014,3,15,1,ISU PD,M,0.10200000000000001,0.101
2014,3,14,5,ISU PD,M,0.101,0.101
2014,3,14,4,Ames PD,M,0.08700000000000001,0.08600000000000001
2014,3,14,2,ISU PD,M,0.14800000000000002,0.14800000000000002
2014,3,14,2,ISU PD,F,0.08600000000000001,0.08600000000000001
2014,3,13,3,ISU PD,M,0.128,0.127
2014,3,12,3,ISU PD,M,0.129,0.128
2014,3,12,2,ISU PD,M,0.17400000000000002,0.17700000000000002
2014,3,10,0,Ames PD,M,0.101,0.101
2014,3,9,4,ISU PD,F,0.191,0.19
2014,3,9,3,ISU PD,F,0.181,0.18
2014,3,8,3,ISU PD,M,0.119,0.119
2014,3,8,0,Ames PD,F,0.129,0.129
2014,3,7,4,ISU PD,M,0.126,0.126
2014,3,7,3,Ames PD,M,0.14,0.14
2014,3,7,2,ISU PD,M,0.096,0.095
2014,3,6,2,ISU PD,M,0.031,0.031
2014,3,5,4,Ames PD,M,0.137,0.138
2014,3,5,4,ISU PD,M,0.133,0.133
2014,3,4,2,ISU PD,M,0,0
2014,3,1,1,ISU PD,M,0.082,0.082
2014,2,28,3,ISU PD,F,0.065,0.064
2014,2,27,3,Ames PD,M,0.226,0.225
2014,2,27,1,ISU PD,M,0,0
2014,2,25,0,Ames PD,M,0.17800000000000002,0.17700000000000002
2014,2,24,22,Ames PD,M,0,0
2014,2,23,1,Ames PD,F,0.113,0.112
2014,2,23,0,Ames PD,M,0.196,0.195
2014,2,22,3,ISU PD,M,0.14400000000000002,0.14400000000000002
2014,2,22,2,ISU PD,M,0.064,0.063
2014,2,22,2,ISU PD,M,0.14,0.139
2014,2,22,1,ISU PD,F,0.06,0.059000000000000004
2014,2,22,1,Ames PD,F,0.17700000000000002,0.17600000000000002
2014,2,21,12,Ames PD,M,0.23500000000000001,0.23500000000000001
2014,2,21,1,ISU PD,M,0.164,0.163
2014,2,20,2,ISU PD,M,0.14900000000000002,0.14800000000000002
2014,2,20,2,ISU PD,M,0.09,0.09
2014,2,20,1,ISU PD,M,0.09,0.09
2014,2,19,23,ISU PD,M,0.027,0.027
2014,2,19,18,ISU PD,M,0,0
2014,2,19,3,ISU PD,M,0.10700000000000001,0.10600000000000001
2014,2,16,3,ISU PD,F,0.17700000000000002,0.17600000000000002
2014,2,15,4,ISU PD,M,0.12300000000000001,0.12200000000000001
2014,2,15,3,ISU PD,M,0.10800000000000001,0.10800000000000001
2014,2,14,20,Ames PD,M,0.088,0.089
2014,2,14,16,Ames PD,M,0.228,0.227
2014,2,13,2,ISU PD,M,0.08,0.08
2014,2,9,3,ISU PD,M,0.21300000000000002,0.21200000000000002
2014,2,8,5,Ames PD,M,0.09899999999999999,0.09899999999999999
2014,2,8,4,Ames PD,M,0.112,0.112
2014,2,8,4,ISU PD,F,0.168,0.168
2014,2,8,2,Ames PD,F,0.222,0.221
2014,2,7,3,Ames PD,M,0.20900000000000002,0.21000000000000002
2014,2,7,2,ISU PD,F,0.20800000000000002,0.20800000000000002
2014,2,7,2,ISU PD,M,0.119,0.118
2014,2,2,4,ISU PD,M,0.095,0.095
2014,2,2,2,ISU PD,F,0.10700000000000001,0.10700000000000001
2014,2,2,0,ISU PD,M,0,0
2014,2,1,3,ISU PD,F,0.089,0.089
2014,1,31,19,ISU PD,M,0.201,0.2
2014,1,31,3,ISU PD,M,0.097,0.097
2014,1,31,3,ISU PD,M,0.083,0.082
2014,1,28,19,ISU PD,F,0.134,0.134
2014,1,28,3,ISU PD,M,0.188,0.188
2014,1,26,1,ISU PD,M,0.081,0.08
2014,1,25,18,ISU PD,M,0.20600000000000002,0.20500000000000002
2014,1,25,4,ISU PD,F,0.08,0.08
2014,1,25,3,ISU PD,M,0.138,0.137
2014,1,25,2,ISU PD,F,0.061,0.061
2014,1,25,1,ISU PD,M,0.12200000000000001,0.12100000000000001
2014,1,24,3,ISU PD,M,0.085,0.084
2014,1,24,2,ISU PD,M,0.10700000000000001,0.10600000000000001
2014,1,23,2,ISU PD,F,0.17800000000000002,0.17700000000000002
2014,1,23,2,ISU PD,F,0.226,0.225
2014,1,20,20,ISU PD,F,0.20800000000000002,0.20800000000000002
2014,1,20,3,ISU PD,F,0.118,0.118
2014,1,18,17,ISU PD,M,0.279,0.279
2014,1,18,3,ISU PD,M,0.094,0.093
2014,1,17,3,ISU PD,M,0.182,0.181
2014,1,16,2,ISU PD,M,0.07,0.07
2014,1,12,4,ISU PD,F,0.10300000000000001,0.10200000000000001
2014,1,12,4,ISU PD,M,0.171,0.171
2014,1,12,1,ISU PD,M,0.137,0.137
2014,1,5,2,ISU PD,M,0.129,0.128
2014,1,4,3,ISU PD,M,0.14500000000000002,0.14400000000000002
2014,1,1,3,ISU PD,F,0.15900000000000003,0.15800000000000003
2014,1,1,3,ISU PD,M,0.17300000000000001,0.17300000000000001
2014,1,1,2,ISU PD,M,0.15800000000000003,0.15800000000000003
2013,12,29,3,ISU PD,M,0.134,0.133
2013,12,28,2,ISU PD,M,0.15700000000000003,0.15700000000000003
2013,12,28,2,ISU PD,M,0.10800000000000001,0.10800000000000001
2013,12,26,6,ISU PD,F,0.20600000000000002,0.20500000000000002
2013,12,25,5,ISU PD,M,0.10800000000000001,0.10800000000000001
2013,12,23,2,ISU PD,M,0.21500000000000002,0.21400000000000002
2013,12,22,3,ISU PD,M,0.114,0.114
2013,12,21,3,ISU PD,M,0.164,0.164
2013,12,21,3,ISU PD,M,0.127,0.127
2013,12,21,2,ISU PD,M,0.15100000000000002,0.15000000000000002
2013,12,21,1,ISU PD,M,0.08700000000000001,0.08700000000000001
2013,12,14,3,ISU PD,M,0.17300000000000001,0.17300000000000001
2013,12,13,2,ISU PD,F,0.16,0.16
2013,12,13,2,ISU PD,F,0.134,0.134
2013,12,12,23,ISU PD,F,0.21100000000000002,0.21000000000000002
2013,12,12,2,ISU PD,F,0.116,0.116
2013,12,12,0,ISU PD,F,0.231,0.231
2013,12,11,10,Ames PD,NA,0,0
2013,12,8,20,ISU PD,M,0.2,0.2
2013,12,8,4,ISU PD,F,0.14800000000000002,0.14700000000000002
2013,12,8,4,ISU PD,M,0.10600000000000001,0.10600000000000001
2013,12,8,2,ISU PD,M,0.07,0.07
2013,12,8,1,ISU PD,M,0.12100000000000001,0.12000000000000001
2013,12,7,2,ISU PD,M,0.17900000000000002,0.17800000000000002
2013,12,7,2,ISU PD,M,0.091,0.09
2013,12,5,2,ISU PD,F,0.185,0.184
2013,12,4,2,ISU PD,F,0.10300000000000001,0.10300000000000001
2013,12,1,3,ISU PD,F,0.098,0.098
2013,12,1,3,ISU PD,M,0.125,0.12400000000000001
2013,11,28,3,ISU PD,F,0.162,0.162
2013,11,28,2,ISU PD,M,0.10400000000000001,0.10300000000000001
2013,11,28,1,ISU PD,M,0.195,0.194
2013,11,24,5,ISU PD,M,0.039,0.039
2013,11,24,2,ISU PD,M,0.14800000000000002,0.14800000000000002
2013,11,23,21,ISU PD,M,0,0
2013,11,22,2,ISU PD,M,0.10600000000000001,0.10600000000000001
2013,11,21,2,ISU PD,F,0.132,0.132
2013,11,16,3,ISU PD,M,0.129,0.129
2013,11,16,2,ISU PD,M,0.14900000000000002,0.14900000000000002
2013,11,16,1,ISU PD,F,0.093,0.093
2013,11,16,1,ISU PD,M,0.15900000000000003,0.15900000000000003
2013,11,14,3,ISU PD,F,0.15000000000000002,0.14900000000000002
2013,11,14,3,ISU PD,M,0.164,0.163
2013,11,10,3,ISU PD,M,0.165,0.165
2013,11,9,3,ISU PD,F,0.1,0.1
2013,11,9,1,ISU PD,M,0.166,0.165
2013,11,3,17,ISU PD,M,0,0
2013,11,3,3,ISU PD,M,0.109,0.109
2013,11,3,1,ISU PD,F,0.126,0.126
2013,11,2,3,ISU PD,M,0.127,0.126
2013,11,1,4,ISU PD,M,0.17300000000000001,0.17300000000000001
2013,11,1,2,ISU PD,F,0.10200000000000001,0.101
2013,11,1,2,ISU PD,M,0.171,0.17
2013,11,1,2,ISU PD,M,0.07200000000000001,0.07200000000000001
2013,10,30,2,ISU PD,M,0.203,0.202
2013,10,29,23,ISU PD,M,0.005,0.006
2013,10,27,4,ISU PD,M,0.186,0.185
2013,10,26,20,ISU PD,M,0.196,0.195
2013,10,26,2,ISU PD,M,0.112,0.112
2013,10,25,2,ISU PD,F,0,0
2013,10,24,3,ISU PD,M,0.109,0.109
2013,10,24,2,ISU PD,M,0.20800000000000002,0.20800000000000002
2013,10,22,3,ISU PD,M,0,0
2013,10,20,2,ISU PD,M,0.17300000000000001,0.17300000000000001
2013,10,19,8,ISU PD,M,0.14100000000000001,0.14
2013,10,18,3,ISU PD,F,0.15000000000000002,0.15000000000000002
2013,10,17,3,ISU PD,F,0.08700000000000001,0.08700000000000001
2013,10,17,1,ISU PD,M,0,0
2013,10,16,2,ISU PD,M,0.126,0.125
2013,10,15,1,ISU PD,M,0.193,0.193
2013,10,13,4,ISU PD,M,0.193,0.192
2013,10,13,2,ISU PD,M,0.119,0.118
2013,10,12,5,ISU PD,M,0.14900000000000002,0.14800000000000002
2013,10,12,1,ISU PD,F,0.17200000000000001,0.171
2013,10,11,3,ISU PD,F,0.07200000000000001,0.07200000000000001
2013,10,8,2,ISU PD,M,0.224,0.224
2013,10,6,6,ISU PD,M,0.17400000000000002,0.17300000000000001
2013,10,6,4,ISU PD,F,0.139,0.139
2013,10,6,0,ISU PD,M,0,0
2013,10,3,21,ISU PD,M,0.089,0.089
2013,10,3,20,ISU PD,F,0,0
2013,10,3,2,ISU PD,M,0.12200000000000001,0.12200000000000001
2013,10,3,2,ISU PD,M,0.088,0.088
2013,10,2,3,ISU PD,M,0.134,0.133
2013,9,29,4,ISU PD,M,0.03,0.03
2013,9,29,3,ISU PD,M,0.07800000000000001,0.07700000000000001
2013,9,29,2,ISU PD,M,0.161,0.161
2013,9,28,4,ISU PD,F,0.08700000000000001,0.08700000000000001
2013,9,28,2,ISU PD,M,0.09,0.089
2013,9,28,1,ISU PD,F,0.082,0.082
2013,9,27,4,ISU PD,M,0,0
2013,9,27,2,ISU PD,F,0.127,0.126
2013,9,26,2,ISU PD,F,0.07400000000000001,0.07300000000000001
2013,9,26,0,ISU PD,M,0.15400000000000003,0.15400000000000003
2013,9,25,2,ISU PD,F,0.096,0.095
2013,9,25,1,ISU PD,M,0.101,0.1
2013,9,22,4,ISU PD,M,0.161,0.16
2013,9,22,3,ISU PD,F,0.15200000000000002,0.15100000000000002
2013,9,22,2,ISU PD,M,0.184,0.184
2013,9,22,0,ISU PD,M,0.14100000000000001,0.14100000000000001
2013,9,22,0,ISU PD,M,0.119,0.118
2013,9,21,3,ISU PD,F,0.024,0.023
2013,9,21,0,ISU PD,F,0.085,0.085
2013,9,20,2,ISU PD,M,0.164,0.164
2013,9,15,4,ISU PD,M,0.21300000000000002,0.21200000000000002
2013,9,15,2,ISU PD,M,0.197,0.196
2013,9,15,2,ISU PD,M,0.034999999999999996,0.034999999999999996
2013,9,15,2,ISU PD,F,0.021,0.02
2013,9,14,21,ISU PD,M,0.15000000000000002,0.15000000000000002
2013,9,14,5,ISU PD,M,0.059000000000000004,0.059000000000000004
2013,9,14,3,ISU PD,F,0.092,0.092
2013,9,14,3,ISU PD,M,0.117,0.117
2013,9,13,21,ISU PD,M,0.12300000000000001,0.12300000000000001
2013,9,13,3,ISU PD,M,0.109,0.10800000000000001
2013,9,13,2,ISU PD,F,0.10400000000000001,0.10300000000000001
2013,9,13,2,ISU PD,M,0.194,0.193
2013,9,8,20,ISU PD,F,0.21600000000000003,0.21500000000000002
2013,9,8,1,ISU PD,M,0,0
2013,9,7,3,ISU PD,M,0.23,0.228
2013,9,6,4,ISU PD,F,0.10600000000000001,0.10600000000000001
2013,9,6,3,ISU PD,F,0.14500000000000002,0.14400000000000002
2013,9,6,3,ISU PD,F,0.199,0.199
2013,9,6,2,ISU PD,M,0.129,0.128
2013,9,6,2,ISU PD,F,0.10300000000000001,0.10200000000000001
2013,9,5,3,ISU PD,M,0.10500000000000001,0.10400000000000001
2013,9,5,2,ISU PD,F,0.21000000000000002,0.21000000000000002
2013,9,5,1,ISU PD,M,0.07700000000000001,0.07600000000000001
2013,9,2,3,ISU PD,M,0.093,0.093
2013,9,1,3,ISU PD,F,0.118,0.117
2013,9,1,2,ISU PD,M,0.041,0.041
2013,8,31,23,ISU PD,M,0.21300000000000002,0.21200000000000002
2013,8,31,4,ISU PD,M,0.052000000000000005,0.052000000000000005
2013,8,31,3,ISU PD,M,0.166,0.165
2013,8,31,2,ISU PD,F,0.134,0.133
2013,8,31,1,ISU PD,M,0.17700000000000002,0.17600000000000002
2013,8,30,3,ISU PD,M,0.116,0.115
2013,8,30,1,ISU PD,M,0.094,0.094
2013,8,27,2,ISU PD,M,0.21900000000000003,0.21900000000000003
2013,8,25,5,ISU PD,M,0.08,0.08
2013,8,25,4,ISU PD,M,0.083,0.083
2013,8,25,3,ISU PD,M,0.14700000000000002,0.14600000000000002
2013,8,25,3,ISU PD,F,0.137,0.135
2013,8,25,1,ISU PD,M,0.187,0.186
2013,8,24,22,ISU PD,M,0,0
2013,8,24,4,ISU PD,F,0.039,0.038
2013,8,24,2,ISU PD,F,0.095,0.095
2013,8,24,0,ISU PD,M,0.089,0.089
2013,8,23,4,ISU PD,M,0.10600000000000001,0.10600000000000001
2013,8,23,3,ISU PD,F,0.127,0.126
2013,8,23,2,ISU PD,F,0.10300000000000001,0.10200000000000001
2013,8,23,0,ISU PD,M,0.046,0.045
2013,8,22,3,ISU PD,F,0.129,0.127
2013,8,20,3,ISU PD,M,0.07600000000000001,0.07600000000000001
2013,8,18,3,ISU PD,F,0.07700000000000001,0.07700000000000001
2013,8,18,2,ISU PD,F,0.049,0.048
2013,8,17,6,ISU PD,F,0.131,0.13
2013,8,17,4,ISU PD,M,0.07700000000000001,0.07600000000000001
2013,8,17,2,ISU PD,M,0.15900000000000003,0.15800000000000003
2013,8,17,2,ISU PD,M,0.06,0.059000000000000004
2013,8,17,2,ISU PD,F,0.193,0.192
2013,8,17,0,ISU PD,M,0.17800000000000002,0.17700000000000002
2013,8,16,4,ISU PD,F,0.116,0.115
2013,8,16,3,ISU PD,F,0.134,0.134
2013,8,16,1,ISU PD,M,0.184,0.184
2013,8,15,21,ISU PD,M,0.168,0.167
2013,8,15,3,ISU PD,M,0.084,0.084
2013,8,15,1,ISU PD,M,0.019,0.019
2013,8,11,3,ISU PD,M,0.17,0.169
2013,8,10,16,ISU PD,F,0,0
2013,8,10,5,ISU PD,M,0.088,0.08700000000000001
2013,8,10,3,ISU PD,M,0.056,0.056
2013,8,10,2,ISU PD,F,0.114,0.114
2013,8,8,2,ISU PD,F,0.115,0.114
2013,8,7,2,ISU PD,F,0.118,0.117
2013,8,6,3,ISU PD,F,0.091,0.091
2013,8,4,4,ISU PD,M,0.22,0.22
2013,8,4,3,ISU PD,M,0.07100000000000001,0.07100000000000001
2013,8,4,1,ISU PD,M,0.04,0.04
2013,8,2,2,ISU PD,M,0.21100000000000002,0.21000000000000002
2013,7,30,14,ISU PD,F,0.197,0.196
2013,7,30,1,ISU PD,M,0.127,0.126
2013,7,29,23,ISU PD,F,0.059000000000000004,0.059000000000000004
2013,7,29,21,ISU PD,M,0.128,0.127
2013,7,27,3,ISU PD,M,0.10200000000000001,0.101
2013,7,26,5,ISU PD,M,0.084,0.084
2013,7,26,3,ISU PD,M,0.171,0.17
2013,7,26,3,ISU PD,F,0.183,0.183
2013,7,24,4,ISU PD,F,0.161,0.16
2013,7,22,22,ISU PD,M,0.19,0.19
2013,7,21,3,ISU PD,M,0.10600000000000001,0.10600000000000001
2013,7,21,2,ISU PD,M,0.14900000000000002,0.14800000000000002
2013,7,20,22,ISU PD,F,0.098,0.098
2013,7,20,4,ISU PD,F,0,0
2013,7,20,3,ISU PD,M,0.07800000000000001,0.07800000000000001
2013,7,19,3,ISU PD,F,0.199,0.198
2013,7,19,3,ISU PD,F,0.14400000000000002,0.14300000000000002
2013,7,19,3,ISU PD,M,0.132,0.132
2013,7,18,3,ISU PD,F,0.042,0.042
2013,7,16,2,ISU PD,F,0,0
2013,7,14,3,ISU PD,M,0.139,0.14
2013,7,14,1,ISU PD,F,0.045,0.045
2013,7,13,2,ISU PD,M,0.17300000000000001,0.17200000000000001
2013,7,13,1,ISU PD,M,0.134,0.134
2013,7,13,1,ISU PD,M,0.29900000000000004,0.29700000000000004
2013,7,13,0,ISU PD,M,0.171,0.171
2013,7,12,4,ISU PD,M,0.091,0.091
2013,7,12,2,ISU PD,F,0.09899999999999999,0.09899999999999999
2013,7,11,2,ISU PD,M,0.15800000000000003,0.15800000000000003
2013,7,10,19,ISU PD,F,0.164,0.164
2013,7,10,2,ISU PD,M,0.11,0.109
2013,7,10,1,ISU PD,M,0.13,0.129
2013,7,9,3,ISU PD,F,0.12100000000000001,0.12000000000000001
2013,7,8,1,ISU PD,M,0.169,0.169
2013,7,7,3,ISU PD,F,0.12400000000000001,0.12400000000000001
2013,7,7,3,ISU PD,F,0.12000000000000001,0.119
2013,7,7,0,ISU PD,F,0.031,0.03
2013,7,6,2,ISU PD,M,0,0
2013,7,5,2,ISU PD,M,0.168,0.167
2013,7,5,0,ISU PD,M,0.117,0.116
2013,7,3,2,ISU PD,M,0.066,0.066
2013,7,2,1,ISU PD,NA,0,0
2013,6,30,5,ISU PD,F,0.303,0.302
2013,6,30,3,ISU PD,F,0.133,0.133
2013,6,29,1,ISU PD,M,0.20900000000000002,0.20800000000000002
2013,6,27,23,ISU PD,M,0,0
2013,6,26,3,ISU PD,F,0.115,0.115
2013,6,26,3,ISU PD,F,0.10400000000000001,0.10400000000000001
2013,6,25,4,ISU PD,F,0.10300000000000001,0.10300000000000001
2013,6,24,3,ISU PD,M,0.12000000000000001,0.12000000000000001
2013,6,23,19,ISU PD,M,0.15800000000000003,0.15700000000000003
2013,6,23,1,ISU PD,M,0.169,0.169
2013,6,21,23,ISU PD,M,0,0
2013,6,21,19,ISU PD,F,0,0
2013,6,21,4,ISU PD,M,0.17600000000000002,0.17600000000000002
2013,6,20,20,ISU PD,M,0,0
2013,6,20,1,ISU PD,M,0.161,0.16
2013,6,20,0,ISU PD,M,0.15900000000000003,0.15900000000000003
2013,6,16,5,ISU PD,F,0.131,0.13
2013,6,16,2,ISU PD,F,0.19,0.189
2013,6,12,1,ISU PD,F,0.169,0.169
2013,6,9,2,ISU PD,F,0.15500000000000003,0.15400000000000003
2013,6,8,1,ISU PD,M,0.138,0.138
2013,6,7,20,ISU PD,M,0,0
2013,6,7,0,ISU PD,F,0.1,0.09899999999999999
2013,6,5,23,ISU PD,M,0.093,0.093
2013,6,5,12,ISU PD,NA,0,0
2013,6,5,12,ISU PD,NA,0,0
2013,6,5,2,ISU PD,F,0.109,0.109
2013,6,4,2,ISU PD,M,0,0
2013,6,2,3,ISU PD,F,0.17300000000000001,0.17200000000000001
2013,5,31,18,ISU PD,M,0.198,0.197
2013,5,28,21,ISU PD,F,0.352,0.351
2013,5,27,3,ISU PD,F,0.10400000000000001,0.10400000000000001
2013,5,27,3,ISU PD,M,0.14400000000000002,0.14300000000000002
2013,5,26,23,ISU PD,M,0.097,0.096
2013,5,25,3,ISU PD,M,0.097,0.097
2013,5,25,2,ISU PD,M,0.21700000000000003,0.21600000000000003
2013,5,24,8,ISU PD,F,0.116,0.116
2013,5,24,1,ISU PD,M,0,0
2013,5,24,0,ISU PD,F,0.136,0.135
2013,5,20,3,ISU PD,M,0.17,0.169
2013,5,19,15,ISU PD,M,0,0
2013,5,19,4,ISU PD,M,0.07500000000000001,0.07500000000000001
2013,5,19,3,ISU PD,F,0.15200000000000002,0.15200000000000002
2013,5,18,22,ISU PD,M,0.17500000000000002,0.17400000000000002
2013,5,18,3,ISU PD,M,0.184,0.183
2013,5,16,2,ISU PD,M,0.064,0.063
2013,5,13,20,ISU PD,M,0.10800000000000001,0.10700000000000001
2013,5,12,3,ISU PD,M,0.201,0.201
2013,5,12,1,ISU PD,F,0.11,0.109
2013,5,10,2,ISU PD,NA,0.15600000000000003,0.15500000000000003
2013,5,10,1,ISU PD,M,0.14600000000000002,0.14500000000000002
2013,5,7,20,ISU PD,M,0.12300000000000001,0.12300000000000001
2013,5,7,2,ISU PD,M,0,0
2013,5,5,2,ISU PD,F,0.14800000000000002,0.14800000000000002
2013,5,5,0,ISU PD,F,0,0
2013,5,2,2,ISU PD,M,0.089,0.088
2013,5,1,16,Ames PD,NA,0,0
2013,4,27,3,ISU PD,F,0.2,0.199
2013,4,27,2,ISU PD,M,0.07200000000000001,0.07200000000000001
2013,4,27,1,ISU PD,F,0.202,0.201
2013,4,26,23,ISU PD,M,0.12000000000000001,0.119
2013,4,26,2,ISU PD,M,0.095,0.095
2013,4,23,13,ISU PD,NA,0,0
2013,4,21,2,Ames PD,M,0.043000000000000003,0.042
2013,4,21,2,Ames PD,F,0.14900000000000002,0.14800000000000002
2013,4,21,0,Ames PD,M,0,0
2013,4,20,23,Ames PD,M,0.115,0.114
2013,4,20,18,ISU PD,M,0.043000000000000003,0.042
2013,4,20,1,ISU PD,F,0.15000000000000002,0.14900000000000002
2013,4,20,1,Ames PD,M,0.114,0.114
2013,4,20,1,Ames PD,M,0.167,0.167
2013,4,19,2,ISU PD,M,0.111,0.11
2013,4,19,2,Ames PD,F,0.125,0.12400000000000001
2013,4,17,0,ISU PD,M,0.20500000000000002,0.20400000000000001
2013,4,16,11,ISU PD,M,0,0
2013,4,14,1,ISU PD,M,0,0
2013,4,13,4,ISU PD,F,0.048,0.048
2013,4,13,2,ISU PD,F,0.06899999999999999,0.068
2013,4,12,2,ISU PD,F,0.14800000000000002,0.14700000000000002
2013,4,11,7,ISU PD,M,0,0
2013,4,7,19,Ames PD,M,0.252,0.251
2013,4,7,19,Ames PD,M,0.23600000000000002,0.23500000000000001
2013,4,7,3,ISU PD,M,0.164,0.163
2013,4,6,4,ISU PD,M,0.095,0.095
2013,4,6,3,ISU PD,M,0.185,0.184
2013,3,31,2,Ames PD,F,0.135,0.135
2013,3,30,5,ISU PD,M,0.133,0.132
2013,3,30,2,ISU PD,M,0.15300000000000002,0.15200000000000002
2013,3,30,1,ISU PD,M,0.098,0.098
2013,3,30,1,ISU PD,M,0.07700000000000001,0.07700000000000001
2013,3,29,23,ISU PD,F,0.10400000000000001,0.10300000000000001
2013,3,29,1,ISU PD,M,0.126,0.126
2013,3,28,23,ISU PD,M,0,0
2013,3,28,18,ISU PD,F,0.11,0.11
2013,3,23,3,ISU PD,F,0.112,0.111
2013,3,22,2,ISU PD,M,0,0
2013,3,19,3,ISU PD,F,0.223,0.223
2013,3,17,20,Ames PD,M,0.166,0.165
2013,3,17,2,Ames PD,M,0.066,0.066
2013,3,16,1,ISU PD,M,0.228,0.228
2013,3,16,1,ISU PD,M,0.199,0.198
2013,3,12,2,Ames PD,F,0.138,0.137
2013,3,9,3,Ames PD,M,0.10400000000000001,0.10400000000000001
2013,3,9,2,ISU PD,M,0.111,0.111
2013,3,9,1,ISU PD,F,0.114,0.113
2013,3,9,1,Ames PD,M,0.17300000000000001,0.17200000000000001
2013,3,8,23,ISU PD,M,0.185,0.184
2013,3,8,23,ISU PD,M,0.052000000000000005,0.052000000000000005
2013,3,8,18,Ames PD,M,0,0
2013,3,7,5,Ames PD,M,0.201,0.199
2013,3,3,3,ISU PD,M,0.23600000000000002,0.23500000000000001
2013,3,3,1,Ames PD,M,0.2,0.199
2013,3,2,6,Ames PD,F,0.111,0.111
2013,3,2,4,Ames PD,M,0.081,0.08
2013,3,2,4,ISU PD,F,0.084,0.084
2013,3,2,4,ISU PD,F,0.058,0.057
2013,3,2,2,Ames PD,F,0.115,0.115
2013,2,28,3,ISU PD,M,0.10300000000000001,0.10300000000000001
2013,2,27,23,ISU PD,M,0.07600000000000001,0.07600000000000001
2013,2,26,2,Ames PD,M,0.17700000000000002,0.17500000000000002
2013,2,24,12,Ames PD,M,0.20600000000000002,0.20500000000000002
2013,2,24,3,ISU PD,M,0.117,0.117
2013,2,24,2,Ames PD,F,0.164,0.164
2013,2,23,23,Ames PD,M,0.198,0.197
2013,2,23,3,Ames PD,M,0.101,0.101
2013,2,23,2,ISU PD,M,0.116,0.115
2013,2,22,2,Ames PD,M,0.195,0.195
2013,2,22,1,Ames PD,M,0.129,0.128
2013,2,21,5,Ames PD,M,0,0
2013,2,21,2,Ames PD,F,0,0
2013,2,13,0,Ames PD,M,0.15800000000000003,0.15800000000000003
2013,2,10,2,Ames PD,M,0.195,0.195
2013,2,10,2,ISU PD,M,0.133,0.132
2013,2,9,2,ISU PD,M,0.10600000000000001,0.10600000000000001
2013,2,8,19,Ames PD,F,0.252,0.252
2013,2,8,2,ISU PD,F,0.117,0.117
2013,2,8,1,ISU PD,M,0.14600000000000002,0.14600000000000002
2013,2,6,1,Ames PD,M,0.14,0.14
2013,2,5,5,Ames PD,M,0,0
2013,2,3,3,ISU PD,M,0.184,0.184
2013,2,2,4,Ames PD,F,0.191,0.191
2013,2,2,3,ISU PD,M,0.115,0.115
2013,2,1,2,ISU PD,M,0.07,0.07
2013,1,30,0,ISU PD,F,0,0
2013,1,27,3,ISU PD,M,0.038,0.039
2013,1,27,1,ISU PD,M,0.093,0.093
2013,1,26,1,Ames PD,M,0.09899999999999999,0.098
2013,1,25,1,ISU PD,M,0.094,0.094
2013,1,22,22,ISU PD,M,0,0
2013,1,21,3,ISU PD,M,0.059000000000000004,0.058
2013,1,20,4,ISU PD,M,0.15900000000000003,0.15800000000000003
2013,1,20,2,Ames PD,F,0.195,0.194
2013,1,20,2,Ames PD,M,0.15500000000000003,0.15500000000000003
2013,1,20,1,ISU PD,M,0.14,0.139
2013,1,19,3,Ames PD,F,0.129,0.128
2013,1,18,4,ISU PD,M,0.111,0.11
2013,1,18,3,ISU PD,M,0.089,0.09
2013,1,15,2,ISU PD,M,0.14100000000000001,0.14
2013,1,13,3,ISU PD,F,0.028,0.028
2013,1,13,2,Ames PD,F,0.13,0.128
2013,1,13,2,Ames PD,M,0.20900000000000002,0.20900000000000002
2013,1,13,1,Ames PD,M,0.23900000000000002,0.23700000000000002
2013,1,13,1,Ames PD,F,0.118,0.117
2013,1,12,4,ISU PD,M,0.14400000000000002,0.14400000000000002
2013,1,12,2,ISU PD,M,0.125,0.125
2013,1,12,1,ISU PD,M,0.055,0.055
2013,1,11,4,Ames PD,M,0.181,0.182
2013,1,9,3,Ames PD,M,0,0
2013,1,9,3,ISU PD,F,0.134,0.133
2013,1,9,3,ISU PD,F,0,0
2013,1,6,1,ISU PD,F,0.085,0.085
2013,1,5,23,Ames PD,M,0.182,0.181
2013,1,4,2,ISU PD,M,0.066,0.065
2013,1,1,3,Ames PD,M,0.09,0.09
2013,1,1,2,ISU PD,F,0.132,0.131
2013,1,1,0,ISU PD,M,0.13,0.13
